subject,label,peakGyro,ratio,durationCount,gySigned,gzSigned,peakAccel,accelMean,accelStd,spikeCount,classified
A,TWIST,845.5,1.017,39,337.4,-494.3,2.233,1.339,0.271,12,TWIST
A,TWIST,644.8,1.053,33,644.8,-404.0,1.876,1.326,0.161,12,TWIST
A,TWIST,527.4,0.961,13,527.4,-355.1,2.284,1.372,0.326,12,PINCH
A,TWIST,670.0,1.878,46,670.0,137.4,2.040,1.310,0.307,15,TWIST
A,TWIST,644.0,1.842,50,-166.4,644.0,1.925,1.287,0.303,15,TWIST
A,TWIST,147.1,0.849,0,-86.1,147.1,2.105,1.270,0.363,9,NONE
A,TWIST,738.3,1.092,39,-309.3,738.3,1.544,1.259,0.133,13,TWIST
A,TWIST,727.9,0.972,39,727.9,-401.5,1.942,1.269,0.301,15,TWIST
A,TWIST,660.2,1.057,32,-325.9,660.2,2.093,1.273,0.291,15,TWIST
A,TWIST,693.4,1.301,44,315.7,-217.3,1.912,1.346,0.234,13,TWIST
A,TWIST,653.5,1.514,27,653.5,-206.5,2.056,1.308,0.271,13,TWIST
A,TWIST,641.5,1.543,28,254.9,-160.8,1.755,1.255,0.203,6,TWIST
A,TWIST,676.4,0.997,51,-275.1,676.4,1.859,1.281,0.241,11,TWIST
A,TWIST,771.6,0.832,35,771.6,-324.5,2.052,1.337,0.296,9,TWIST
A,TWIST,653.2,1.356,52,-201.6,653.2,2.860,1.356,0.427,12,TWIST
A,TWIST,768.2,0.852,29,-360.4,768.2,2.085,1.329,0.231,11,TWIST
A,TWIST,648.6,1.041,52,648.6,-275.9,2.114,1.265,0.310,15,TWIST
A,TWIST,708.3,1.115,48,-288.5,708.3,2.168,1.303,0.278,13,TWIST
A,TWIST,694.2,1.844,36,258.8,-117.6,2.102,1.390,0.325,12,TWIST
A,TWIST,701.2,0.981,37,701.2,-231.8,1.755,1.271,0.157,8,TWIST
A,TWIST,799.8,6.152,23,799.8,99.3,2.430,1.567,0.346,9,FLICK
A,TWIST,811.5,1.005,37,811.5,-362.2,1.801,1.339,0.170,7,TWIST
A,TWIST,339.8,1.413,6,339.8,166.0,2.428,1.644,0.350,6,PINCH
A,TWIST,680.6,1.035,40,-440.0,680.6,2.313,1.368,0.294,16,TWIST
A,TWIST,731.5,1.109,47,-373.1,731.5,1.985,1.254,0.209,12,TWIST
A,PINCH,450.2,2.339,9,450.2,-96.7,2.746,1.594,0.466,11,PINCH
A,PINCH,482.4,2.292,17,27.2,482.4,2.063,1.466,0.272,15,PINCH
A,PINCH,777.0,0.802,45,-378.2,777.0,2.050,1.341,0.277,16,TWIST
A,PINCH,333.3,0.949,6,-222.9,333.3,2.427,1.417,0.405,12,PINCH
A,PINCH,322.3,1.390,14,322.3,65.4,2.240,1.495,0.247,10,PINCH
A,PINCH,424.1,1.334,13,424.1,222.4,2.336,1.529,0.368,10,PINCH
A,PINCH,282.6,1.800,7,-78.3,78.7,2.468,1.457,0.278,12,PINCH
A,PINCH,412.9,0.717,15,-306.6,-269.0,2.033,1.447,0.238,13,PINCH
A,PINCH,334.6,1.395,9,334.6,-142.0,2.081,1.401,0.282,16,PINCH
A,PINCH,445.0,2.866,11,123.8,31.5,2.130,1.465,0.331,11,PINCH
A,PINCH,554.1,1.756,9,-98.1,-217.4,3.091,1.414,0.493,8,PINCH
A,PINCH,498.7,0.859,17,-298.5,498.7,2.230,1.469,0.276,10,PINCH
A,PINCH,687.7,1.608,41,116.5,687.7,2.401,1.377,0.325,18,TWIST
A,PINCH,147.7,0.931,0,-84.9,73.7,2.292,1.379,0.281,4,NONE
A,PINCH,407.6,0.949,9,-151.6,407.6,2.175,1.387,0.275,15,PINCH
A,PINCH,310.1,0.955,15,310.1,175.8,2.526,1.420,0.333,10,PINCH
A,PINCH,415.4,3.804,13,415.4,-79.5,2.371,1.528,0.367,10,PINCH
A,GARBAGE,71.0,1.117,0,71.0,29.9,2.248,1.283,0.323,4,NONE
A,GARBAGE,348.7,1.732,21,348.7,-121.4,1.949,1.285,0.340,8,NONE
A,GARBAGE,132.8,0.938,0,132.8,41.6,2.105,1.310,0.342,3,NONE
A,GARBAGE,95.5,0.702,0,-65.7,-70.4,2.350,1.358,0.332,8,NONE
A,GARBAGE,294.1,1.550,14,97.3,294.1,1.555,1.061,0.170,1,NONE
A,GARBAGE,156.7,1.642,0,77.1,156.7,2.396,1.387,0.305,5,NONE
A,GARBAGE,102.6,1.448,0,-56.8,14.0,1.549,0.981,0.106,1,NONE
A,GARBAGE,127.9,0.950,0,-76.7,-57.8,1.880,1.240,0.215,9,NONE
A,GARBAGE,109.3,1.309,0,-47.7,35.9,1.607,1.001,0.215,3,NONE
A,GARBAGE,128.5,0.810,0,99.1,59.6,2.103,1.490,0.287,10,NONE
A,GARBAGE,151.8,3.274,0,17.2,151.8,2.917,1.358,0.393,6,NONE
A,GARBAGE,79.0,0.913,0,79.0,-43.4,1.963,1.324,0.231,11,NONE
A,GARBAGE,102.0,1.673,0,-14.1,46.8,2.136,1.360,0.312,3,NONE
A,GARBAGE,174.2,1.807,0,174.2,60.4,1.740,1.044,0.250,2,NONE
A,GARBAGE,359.1,1.380,19,359.1,201.2,2.070,1.308,0.314,10,NONE
A,GARBAGE,236.9,1.036,3,55.0,173.6,1.482,1.054,0.157,1,NONE
A,GARBAGE,383.1,0.749,21,267.1,244.5,2.688,1.372,0.369,4,NONE
A,GARBAGE,173.1,1.929,0,173.1,-24.8,2.118,1.274,0.314,8,NONE
A,GARBAGE,184.5,0.956,0,184.5,-95.4,2.040,1.260,0.212,5,NONE
A,GARBAGE,153.1,1.119,0,-106.3,-30.5,1.996,1.243,0.294,4,NONE
A,GARBAGE,78.0,0.880,0,-27.3,78.0,1.778,1.063,0.219,2,NONE
A,GARBAGE,344.2,1.053,11,239.1,87.8,1.473,1.051,0.136,3,NONE
A,FLICK,856.6,1.773,27,114.9,368.4,2.217,1.352,0.294,14,FLICK
A,FLICK,1127.4,2.317,29,470.9,15.7,2.578,1.447,0.325,11,FLICK
A,FLICK,997.3,1.659,15,997.3,-155.8,2.136,1.261,0.351,11,FLICK
A,FLICK,1334.2,1.540,24,1334.2,-207.5,2.485,1.520,0.344,9,FLICK
A,FLICK,850.2,2.584,25,850.2,19.7,2.124,1.381,0.250,14,FLICK
A,FLICK,844.7,1.491,17,210.1,844.7,2.284,1.569,0.256,9,FLICK
A,FLICK,1059.4,2.894,17,1059.4,172.5,1.928,1.457,0.235,11,FLICK
A,FLICK,1055.5,4.940,26,-110.1,1055.5,2.169,1.389,0.235,14,FLICK
A,FLICK,1283.7,1.877,28,59.8,-624.1,2.329,1.497,0.369,11,FLICK
A,FLICK,1173.0,1.893,21,-255.8,1173.0,2.388,1.445,0.344,13,FLICK
A,FLICK,1069.4,3.085,27,190.6,1069.4,2.374,1.402,0.326,8,FLICK
A,FLICK,841.9,7.643,13,841.9,57.5,2.263,1.559,0.246,8,FLICK
A,FLICK,1301.6,1.552,27,369.5,1301.6,2.490,1.414,0.316,12,FLICK
A,FLICK,1271.4,1.652,19,-620.8,148.7,2.369,1.561,0.343,10,FLICK
A,FLICK,1151.3,1.943,19,1151.3,468.7,2.242,1.598,0.316,9,FLICK
B,TWIST,691.0,1.443,44,281.0,197.7,2.002,1.334,0.288,14,TWIST
B,TWIST,662.2,1.534,53,221.3,-210.4,1.796,1.283,0.232,15,TWIST
B,TWIST,757.9,1.078,35,-412.5,-290.4,2.010,1.300,0.257,8,TWIST
B,TWIST,626.1,1.665,27,626.1,-138.1,2.042,1.294,0.247,10,TWIST
B,TWIST,695.8,1.037,51,695.8,-254.9,1.932,1.304,0.167,13,TWIST
B,TWIST,778.3,0.912,29,-489.4,-364.0,1.856,1.302,0.234,11,TWIST
B,TWIST,862.2,1.060,35,862.2,-402.5,1.865,1.295,0.267,11,TWIST
B,TWIST,701.3,0.781,47,531.0,367.4,2.082,1.300,0.260,10,TWIST
B,TWIST,693.2,1.567,36,-208.6,-233.7,2.153,1.369,0.231,10,TWIST
B,TWIST,685.0,1.613,31,214.6,-210.1,1.784,1.310,0.207,14,TWIST
B,TWIST,630.9,1.735,35,-140.9,-222.7,1.881,1.280,0.186,10,TWIST
B,TWIST,784.4,1.058,39,784.4,-395.5,2.254,1.333,0.248,5,TWIST
B,TWIST,673.3,1.744,37,-168.8,673.3,2.337,1.284,0.268,6,TWIST
B,TWIST,915.9,1.875,21,915.9,88.4,2.100,1.286,0.275,19,FLICK
B,TWIST,676.0,0.916,31,385.8,-352.2,2.236,1.318,0.262,10,TWIST
B,TWIST,736.4,1.037,33,430.4,-279.8,1.678,1.287,0.152,9,TWIST
B,TWIST,657.3,1.819,33,275.1,-86.3,2.253,1.255,0.256,3,TWIST
B,TWIST,665.2,1.695,25,665.2,-182.8,2.214,1.267,0.327,9,TWIST
B,TWIST,700.3,1.046,50,-344.5,700.3,2.098,1.330,0.200,12,TWIST
B,TWIST,458.5,7.907,11,29.0,458.5,2.082,1.377,0.365,10,PINCH
B,TWIST,760.7,0.858,46,-378.8,-508.1,1.831,1.326,0.197,9,TWIST
B,TWIST,664.3,1.383,57,-177.2,664.3,2.056,1.307,0.232,4,TWIST
B,PINCH,437.0,2.765,9,117.6,437.0,2.424,1.337,0.331,10,PINCH
B,PINCH,443.3,0.990,9,-134.5,313.3,2.247,1.437,0.330,17,PINCH
B,PINCH,422.5,1.391,13,-64.8,-238.9,2.141,1.269,0.279,12,PINCH
B,PINCH,440.4,1.396,13,-278.7,440.4,2.224,1.360,0.351,11,PINCH
B,PINCH,385.7,1.424,22,385.7,-14.0,2.453,1.405,0.373,8,NONE
B,PINCH,1265.8,4.037,20,167.7,1265.8,2.404,1.528,0.332,13,FLICK
B,PINCH,309.9,0.952,10,309.9,116.5,3.580,1.607,0.532,8,PINCH
B,PINCH,402.9,7.108,13,20.1,402.9,2.248,1.464,0.350,14,PINCH
B,PINCH,804.6,3.749,19,197.8,804.6,2.537,1.473,0.346,7,FLICK
B,PINCH,667.7,1.788,36,667.7,-202.2,1.839,1.242,0.220,11,TWIST
B,PINCH,480.0,2.764,17,-19.9,480.0,2.270,1.446,0.300,16,PINCH
B,PINCH,375.5,0.806,22,375.5,-237.8,2.188,1.425,0.316,6,NONE
B,PINCH,335.2,0.862,17,172.4,216.5,2.246,1.539,0.283,13,PINCH
B,PINCH,358.3,1.490,6,-130.5,-109.9,2.155,1.485,0.294,8,PINCH
B,PINCH,330.9,1.662,9,330.9,128.2,2.046,1.449,0.260,16,PINCH
B,PINCH,405.3,1.339,11,55.6,247.2,2.635,1.553,0.405,10,PINCH
B,PINCH,316.6,1.294,15,-226.6,-18.2,2.197,1.493,0.324,14,PINCH
B,PINCH,740.7,0.982,32,-315.3,-438.9,1.928,1.254,0.194,7,TWIST
B,PINCH,386.5,0.797,13,-259.3,386.5,2.502,1.461,0.261,16,PINCH
B,PINCH,313.5,2.065,7,-65.1,313.5,2.387,1.547,0.287,11,PINCH
B,PINCH,455.2,0.865,8,455.2,-288.9,1.784,1.332,0.248,13,PINCH
B,PINCH,289.2,1.288,9,289.2,51.3,2.011,1.331,0.288,13,PINCH
B,PINCH,767.2,0.982,37,767.2,-277.5,1.679,1.247,0.201,12,TWIST
B,PINCH,433.8,1.848,15,131.5,103.3,2.338,1.436,0.355,11,PINCH
B,PINCH,339.9,1.071,19,83.0,234.3,2.184,1.299,0.327,9,NONE
B,PINCH,345.3,1.619,6,345.3,-19.1,2.839,1.600,0.425,13,PINCH
B,PINCH,395.1,0.794,17,395.1,263.1,2.393,1.510,0.340,12,PINCH
B,PINCH,129.9,1.387,0,78.3,129.9,2.425,1.337,0.336,4,NONE
B,PINCH,385.9,3.986,18,71.9,385.9,2.066,1.417,0.232,17,PINCH
B,PINCH,483.0,0.819,17,-251.4,338.0,2.976,1.580,0.425,14,PINCH
B,PINCH,1238.1,2.092,15,-287.6,-304.2,2.410,1.409,0.393,13,FLICK
B,PINCH,368.2,2.187,9,-50.6,117.8,2.647,1.629,0.366,10,PINCH
B,PINCH,459.7,0.916,17,459.7,203.4,2.662,1.695,0.365,10,PINCH
B,PINCH,339.6,2.928,8,-55.6,339.6,2.249,1.585,0.280,7,PINCH
B,PINCH,445.5,0.898,11,-160.7,335.7,2.367,1.638,0.304,10,PINCH
B,PINCH,118.1,2.243,0,-28.8,23.9,1.700,1.048,0.103,1,NONE
B,PINCH,387.5,0.994,11,238.7,-151.2,1.893,1.390,0.215,13,PINCH
B,PINCH,540.0,1.019,17,238.6,-291.1,2.196,1.353,0.361,14,PINCH
B,GARBAGE,141.1,1.834,0,141.1,55.7,1.726,1.038,0.161,1,NONE
B,GARBAGE,405.1,0.777,15,405.1,-276.9,1.938,1.035,0.329,7,NONE
B,GARBAGE,382.4,0.955,11,382.4,-288.4,2.566,1.729,0.400,7,PINCH
B,GARBAGE,170.9,1.439,0,103.4,170.9,1.701,1.274,0.218,5,NONE
B,GARBAGE,134.9,1.478,0,32.6,134.9,1.530,0.947,0.249,3,NONE
B,GARBAGE,265.6,2.734,4,-26.6,-70.6,1.588,1.053,0.189,4,NONE
B,GARBAGE,153.5,0.702,0,106.8,153.5,2.142,1.038,0.258,2,NONE
B,GARBAGE,818.8,0.930,47,-477.1,818.8,2.071,1.312,0.226,14,TWIST
B,GARBAGE,237.0,0.944,5,109.8,-141.2,2.138,1.077,0.261,2,NONE
B,GARBAGE,119.6,1.000,0,119.6,-92.0,2.042,1.240,0.318,4,NONE
B,GARBAGE,391.6,1.819,19,-163.4,391.6,2.181,1.298,0.326,2,NONE
B,GARBAGE,374.9,1.064,7,147.1,-205.1,1.610,1.072,0.205,3,NONE
B,GARBAGE,126.1,0.979,0,126.1,-80.3,1.980,1.283,0.303,12,NONE
B,GARBAGE,99.5,0.816,0,50.3,71.6,2.546,1.471,0.403,7,NONE
B,GARBAGE,177.0,2.496,0,-49.7,177.0,2.145,1.287,0.288,4,NONE
B,GARBAGE,76.2,0.843,0,-31.4,76.2,1.998,1.055,0.272,1,NONE
B,GARBAGE,287.4,1.360,5,72.4,287.4,1.551,1.017,0.125,1,NONE
B,GARBAGE,79.1,1.317,0,79.1,-40.2,2.573,1.348,0.351,3,NONE
B,GARBAGE,99.1,0.636,0,99.1,77.0,1.556,0.964,0.127,1,NONE
B,GARBAGE,91.2,1.032,0,32.4,91.2,2.346,1.343,0.296,4,NONE
B,GARBAGE,137.5,0.790,0,78.5,95.6,2.165,1.346,0.377,9,NONE
B,GARBAGE,75.0,0.965,0,75.0,52.8,2.176,1.292,0.371,13,NONE
B,GARBAGE,246.3,1.694,7,246.3,65.6,1.792,1.036,0.274,5,NONE
B,GARBAGE,127.4,1.923,0,12.8,53.4,2.381,1.263,0.380,3,NONE
B,GARBAGE,153.5,1.690,0,153.5,36.9,2.282,1.468,0.326,2,NONE
B,GARBAGE,70.6,1.320,0,42.2,70.6,1.412,0.953,0.218,2,NONE
B,GARBAGE,167.8,1.941,0,68.4,167.8,2.146,1.371,0.289,5,NONE
B,GARBAGE,83.1,2.046,0,29.5,11.1,3.148,1.430,0.483,14,NONE
B,FLICK,1004.9,8.131,27,-40.3,-83.3,2.034,1.319,0.212,13,FLICK
B,FLICK,903.4,2.372,21,267.4,903.4,2.061,1.392,0.208,11,FLICK
B,FLICK,1193.7,2.775,15,206.2,-224.0,3.187,1.536,0.441,11,FLICK
B,FLICK,1066.8,1.500,21,238.7,1066.8,1.946,1.339,0.239,13,FLICK
B,FLICK,1213.5,3.604,15,174.5,-162.2,2.549,1.615,0.400,10,FLICK
B,FLICK,817.4,1.530,23,-391.7,817.4,2.057,1.436,0.282,14,FLICK
B,FLICK,1200.6,1.294,28,498.7,1200.6,2.675,1.469,0.323,11,FLICK
B,FLICK,1140.2,1.366,25,-516.3,1140.2,2.498,1.497,0.399,12,FLICK
B,FLICK,1207.3,1.737,19,1207.3,182.9,2.135,1.362,0.378,11,FLICK
B,FLICK,1337.2,1.392,25,-528.6,-431.8,2.184,1.480,0.241,15,FLICK
B,FLICK,1175.7,3.416,13,43.0,-301.2,2.540,1.602,0.364,11,FLICK
B,FLICK,1075.0,1.733,29,154.9,1075.0,2.114,1.421,0.248,14,FLICK
B,FLICK,295.8,1.624,16,72.0,295.8,2.252,1.449,0.356,14,PINCH
B,FLICK,1011.2,2.423,28,105.8,311.5,2.324,1.504,0.311,11,FLICK
B,FLICK,1213.7,3.396,23,-226.6,-130.7,2.093,1.454,0.302,12,FLICK
B,FLICK,1305.1,16.568,18,65.4,1305.1,2.150,1.587,0.243,11,FLICK
B,FLICK,929.7,1.695,17,-252.3,-296.3,2.626,1.521,0.398,8,FLICK
B,FLICK,987.0,1.767,25,987.0,50.6,1.999,1.354,0.267,16,FLICK
B,FLICK,1066.0,2.815,15,294.8,1066.0,2.446,1.581,0.349,9,FLICK
B,FLICK,1176.0,1.501,17,1176.0,-358.0,2.408,1.444,0.302,15,FLICK
B,FLICK,843.8,1.405,13,843.8,399.7,1.983,1.297,0.224,11,FLICK
B,FLICK,1056.5,2.957,13,77.7,1056.5,2.371,1.295,0.293,9,FLICK
B,FLICK,975.0,1.664,31,-531.9,975.0,2.557,1.530,0.354,12,FLICK
B,FLICK,1118.5,1.804,21,163.0,-456.9,1.828,1.247,0.225,13,FLICK
B,FLICK,841.9,2.143,19,841.9,312.4,2.821,1.656,0.440,10,FLICK
B,FLICK,1285.2,1.658,21,361.7,413.2,2.004,1.471,0.221,14,FLICK
B,FLICK,1036.8,2.239,19,1036.8,427.0,2.767,1.418,0.429,9,FLICK
B,FLICK,883.4,1.739,22,883.4,388.0,2.271,1.466,0.300,12,FLICK
B,FLICK,1004.8,1.650,21,-242.4,-366.4,2.093,1.297,0.251,15,FLICK
B,FLICK,1223.4,1.462,31,653.4,-183.4,1.866,1.418,0.242,11,FLICK
B,FLICK,1182.7,3.018,23,346.6,1182.7,2.255,1.503,0.252,15,FLICK
B,FLICK,1201.3,2.355,25,288.2,-221.9,2.424,1.355,0.338,7,FLICK
B,FLICK,1010.5,2.453,27,67.7,344.3,2.312,1.555,0.247,8,FLICK
C,TWIST,536.8,2.009,17,122.2,145.0,2.107,1.422,0.369,11,PINCH
C,TWIST,671.7,0.920,51,671.7,-324.7,1.702,1.258,0.167,5,TWIST
C,TWIST,1297.4,1.848,26,427.7,1297.4,2.640,1.593,0.336,12,FLICK
C,TWIST,635.1,0.954,41,635.1,346.7,2.064,1.244,0.239,10,TWIST
C,TWIST,736.6,0.877,49,736.6,-373.0,1.682,1.246,0.187,12,TWIST
C,TWIST,730.5,0.736,35,730.5,-438.2,1.979,1.295,0.293,13,TWIST
C,TWIST,389.7,0.932,15,-202.1,-216.0,2.633,1.260,0.344,9,PINCH
C,TWIST,586.3,7.337,17,-13.9,-66.0,2.212,1.595,0.363,9,PINCH
C,TWIST,677.3,2.610,29,677.3,-115.7,2.071,1.281,0.215,4,TWIST
C,TWIST,674.5,1.430,46,-199.8,674.5,1.956,1.277,0.256,10,TWIST
C,TWIST,722.5,0.838,31,722.5,-483.2,2.217,1.354,0.242,14,TWIST
C,TWIST,640.7,1.473,26,268.5,166.4,2.407,1.245,0.364,10,TWIST
C,TWIST,746.0,1.085,47,746.0,-447.4,1.817,1.263,0.305,15,TWIST
C,TWIST,658.8,1.459,38,-240.6,658.8,1.741,1.280,0.288,11,TWIST
C,TWIST,873.0,0.965,52,-293.9,873.0,1.948,1.300,0.192,14,TWIST
C,TWIST,429.8,1.402,15,-288.6,18.0,2.393,1.492,0.296,11,PINCH
C,TWIST,746.1,0.993,60,-413.3,-338.4,1.739,1.273,0.256,14,TWIST
C,TWIST,852.6,1.017,35,-355.3,852.6,2.228,1.269,0.309,12,TWIST
C,TWIST,838.7,1.067,47,838.7,-344.3,1.761,1.261,0.161,10,TWIST
C,TWIST,698.2,1.064,35,698.2,-421.9,1.942,1.374,0.260,12,TWIST
C,TWIST,732.8,0.952,51,463.0,306.8,1.952,1.290,0.201,16,TWIST
C,TWIST,786.8,1.046,31,-440.8,-311.2,2.237,1.268,0.240,11,TWIST
C,TWIST,720.0,0.993,41,720.0,-451.4,2.221,1.368,0.320,9,TWIST
C,TWIST,790.0,0.954,41,505.8,322.4,2.026,1.325,0.188,14,TWIST
C,TWIST,743.6,0.988,40,743.6,-340.8,2.260,1.339,0.244,12,TWIST
C,TWIST,666.0,1.538,44,-215.2,-217.9,1.734,1.244,0.195,11,TWIST
C,TWIST,867.2,1.061,44,-395.9,867.2,1.938,1.316,0.268,11,TWIST
C,TWIST,685.6,0.883,46,478.1,-298.1,2.024,1.294,0.211,4,TWIST
C,TWIST,703.0,1.069,43,457.9,-199.8,1.920,1.258,0.263,9,TWIST
C,TWIST,715.8,1.117,60,-298.4,-342.7,2.062,1.375,0.271,8,TWIST
C,TWIST,128.6,0.952,0,62.2,72.9,1.947,1.320,0.328,5,NONE
C,TWIST,808.5,1.057,34,808.5,-425.9,2.261,1.385,0.322,14,TWIST
C,PINCH,418.3,0.943,15,232.8,418.3,2.205,1.302,0.335,10,PINCH
C,PINCH,543.7,1.988,9,543.7,-217.9,2.107,1.502,0.272,13,PINCH
C,PINCH,349.2,1.112,7,-175.7,138.4,2.083,1.318,0.317,12,PINCH
C,PINCH,490.2,1.716,11,490.2,-225.4,2.289,1.580,0.314,14,PINCH
C,PINCH,503.8,1.630,16,12.7,503.8,2.611,1.658,0.429,12,PINCH
C,PINCH,360.7,1.027,13,-209.3,141.7,2.238,1.506,0.312,12,PINCH
C,PINCH,379.0,2.506,15,52.4,379.0,1.772,1.405,0.214,13,PINCH
C,PINCH,671.4,1.526,41,-316.2,-123.7,2.039,1.290,0.330,10,TWIST
C,PINCH,540.6,3.084,9,-20.0,540.6,2.543,1.428,0.346,16,PINCH
C,PINCH,415.4,1.450,9,-208.4,-78.0,2.594,1.416,0.383,13,PINCH
C,PINCH,285.2,1.606,9,285.2,165.9,2.420,1.344,0.341,13,PINCH
C,PINCH,189.6,1.356,0,-65.4,74.4,1.948,1.279,0.232,4,NONE
C,PINCH,751.3,0.743,40,-601.0,-409.9,2.047,1.338,0.259,12,TWIST
C,PINCH,88.3,0.926,0,47.4,88.3,2.329,1.378,0.342,5,NONE
C,PINCH,101.2,1.690,0,-28.7,101.2,2.776,1.336,0.457,4,NONE
C,PINCH,558.5,0.787,17,-381.2,-328.0,2.313,1.584,0.315,13,PINCH
C,PINCH,352.7,1.494,9,352.7,-90.7,2.183,1.398,0.340,8,PINCH
C,PINCH,540.9,2.691,18,-47.5,540.9,2.638,1.532,0.329,12,PINCH
C,PINCH,202.3,1.051,0,-50.0,142.4,1.957,1.257,0.241,8,NONE
C,PINCH,556.1,1.967,15,-19.8,556.1,2.398,1.575,0.357,9,PINCH
C,PINCH,984.3,2.102,13,440.2,984.3,2.514,1.510,0.327,8,FLICK
C,GARBAGE,143.6,0.801,0,95.8,-83.6,1.430,0.946,0.183,1,NONE
C,GARBAGE,145.5,1.826,0,145.5,34.2,2.696,1.319,0.372,11,NONE
C,GARBAGE,118.2,0.949,0,118.2,87.5,2.064,1.257,0.280,12,NONE
C,GARBAGE,154.2,0.790,0,-116.9,-78.2,2.268,1.326,0.314,10,NONE
C,GARBAGE,179.1,1.619,0,-97.2,-13.4,2.120,1.372,0.338,3,NONE
C,GARBAGE,391.1,4.075,23,64.5,31.5,2.375,1.298,0.415,3,NONE
C,GARBAGE,373.6,0.904,19,-258.3,155.0,2.467,1.354,0.349,7,NONE
C,GARBAGE,86.0,0.759,0,-63.7,49.6,1.898,1.344,0.242,4,NONE
C,GARBAGE,194.9,0.702,0,146.5,194.9,2.094,1.066,0.283,4,NONE
C,GARBAGE,194.1,1.531,0,194.1,30.8,1.835,1.071,0.186,1,NONE
C,GARBAGE,138.5,2.247,0,-52.3,138.5,2.696,1.338,0.467,10,NONE
C,GARBAGE,81.6,1.327,0,19.7,81.6,2.075,1.292,0.332,8,NONE
C,GARBAGE,130.0,0.989,0,-77.1,54.3,1.784,1.301,0.257,6,NONE
C,GARBAGE,179.5,1.992,0,179.5,69.7,1.377,0.990,0.089,1,NONE
C,GARBAGE,316.3,1.472,6,316.3,167.2,1.705,1.049,0.175,2,NONE
C,GARBAGE,352.0,0.731,19,352.0,-236.8,2.987,1.444,0.481,7,NONE
C,GARBAGE,84.7,1.014,0,84.7,-42.8,1.741,1.036,0.145,1,NONE
C,GARBAGE,350.7,2.112,21,350.7,15.2,2.871,1.346,0.516,5,NONE
C,GARBAGE,98.2,1.771,0,33.1,98.2,2.072,1.296,0.313,4,NONE
C,GARBAGE,114.8,1.891,0,114.8,-24.8,2.155,1.284,0.321,5,NONE
C,GARBAGE,149.2,0.845,0,88.4,149.2,2.182,1.283,0.279,6,NONE
C,GARBAGE,103.1,1.471,0,-28.4,41.7,2.161,1.356,0.259,7,NONE
C,GARBAGE,206.1,2.098,0,51.5,206.1,2.962,1.317,0.406,7,NONE
C,GARBAGE,309.5,0.962,15,309.5,-132.7,1.601,1.041,0.162,1,NONE
C,GARBAGE,82.5,1.333,0,24.2,82.5,1.800,1.014,0.210,1,NONE
C,FLICK,1027.8,1.514,27,-161.1,-517.6,2.290,1.461,0.282,12,FLICK
C,FLICK,735.2,0.944,51,-514.3,-264.7,2.153,1.340,0.249,17,TWIST
C,FLICK,1176.2,1.458,27,1176.2,155.0,2.206,1.356,0.308,17,FLICK
C,FLICK,1135.8,2.130,29,1135.8,-281.3,2.118,1.408,0.323,12,FLICK
C,FLICK,880.7,2.605,23,80.0,258.1,2.232,1.502,0.315,9,FLICK
C,FLICK,1023.5,3.451,25,1023.5,156.9,2.694,1.690,0.362,10,FLICK
C,FLICK,1146.2,1.409,27,503.3,1146.2,2.770,1.501,0.361,11,FLICK
C,FLICK,1365.7,1.629,23,457.8,-380.6,1.943,1.326,0.247,12,FLICK
C,FLICK,1237.7,12.888,27,27.1,68.9,2.632,1.479,0.413,9,FLICK
C,FLICK,884.5,1.838,23,-65.7,415.5,2.188,1.307,0.262,6,FLICK
C,FLICK,1163.5,2.263,25,-255.7,258.6,2.647,1.549,0.311,12,FLICK
C,FLICK,1261.0,2.533,19,485.5,1261.0,2.624,1.476,0.331,7,FLICK
C,FLICK,1020.8,4.794,23,-50.8,1020.8,1.778,1.250,0.192,10,FLICK
C,FLICK,960.8,1.635,28,960.8,512.1,2.330,1.494,0.355,13,FLICK
C,FLICK,1229.9,1.426,25,675.5,187.2,2.194,1.396,0.256,14,FLICK
C,FLICK,1077.4,3.701,25,280.5,-10.6,1.881,1.400,0.241,13,FLICK
C,FLICK,1348.0,5.664,15,41.7,1348.0,2.353,1.553,0.337,12,FLICK
C,FLICK,966.4,1.390,31,966.4,-188.0,1.932,1.442,0.237,12,FLICK
C,FLICK,1106.8,1.467,27,-369.4,1106.8,2.359,1.322,0.323,13,FLICK
C,FLICK,1146.6,2.141,25,1146.6,-119.7,2.929,1.653,0.389,9,FLICK
C,FLICK,860.7,1.406,18,139.2,-473.1,2.008,1.426,0.264,13,FLICK
C,FLICK,854.8,1.890,21,332.8,854.8,2.134,1.545,0.299,11,FLICK
C,FLICK,1015.5,3.428,27,127.5,1015.5,2.289,1.548,0.285,8,FLICK
C,FLICK,986.3,1.940,15,986.3,267.5,2.541,1.454,0.355,12,FLICK
C,FLICK,1018.4,1.789,23,154.8,1018.4,2.065,1.378,0.284,12,FLICK
C,FLICK,1064.1,4.475,15,87.4,150.4,1.938,1.411,0.224,13,FLICK
D,TWIST,315.9,2.565,13,-26.3,-96.8,2.060,1.500,0.260,12,PINCH
D,TWIST,191.3,0.859,0,191.3,128.6,2.378,1.313,0.409,9,NONE
D,TWIST,767.3,0.958,43,-280.3,767.3,2.003,1.330,0.261,13,TWIST
D,TWIST,744.5,0.969,52,744.5,-324.4,2.094,1.269,0.220,6,TWIST
D,TWIST,878.8,2.283,23,878.8,-372.7,2.328,1.473,0.386,9,FLICK
D,TWIST,668.7,1.604,50,242.9,-174.0,1.778,1.251,0.198,16,TWIST
D,TWIST,875.0,0.875,30,-498.5,-501.7,2.166,1.270,0.247,5,TWIST
D,TWIST,682.2,1.344,39,338.8,-168.9,2.087,1.332,0.249,11,TWIST
D,TWIST,699.2,1.409,43,-264.3,-232.1,1.789,1.315,0.208,3,TWIST
D,TWIST,685.1,1.034,38,388.7,-274.2,1.874,1.302,0.176,7,TWIST
D,TWIST,648.1,1.735,34,261.5,112.1,2.053,1.292,0.223,9,TWIST
D,TWIST,152.9,0.987,0,-112.1,42.8,2.146,1.354,0.322,7,NONE
D,TWIST,687.2,1.026,34,687.2,-290.7,2.224,1.344,0.288,11,TWIST
D,PINCH,349.8,1.847,9,-119.0,70.4,2.043,1.298,0.360,12,PINCH
D,PINCH,344.5,0.856,15,344.5,179.8,1.818,1.310,0.254,13,PINCH
D,PINCH,470.9,1.054,11,221.0,470.9,2.029,1.437,0.269,16,PINCH
D,PINCH,349.1,2.404,17,132.2,13.0,2.097,1.332,0.333,12,PINCH
D,PINCH,364.7,3.886,17,364.7,53.4,1.864,1.277,0.203,14,PINCH
D,PINCH,514.3,1.113,10,265.1,514.3,2.312,1.468,0.294,9,PINCH
D,PINCH,414.3,1.595,9,414.3,-121.8,2.604,1.566,0.359,14,PINCH
D,PINCH,522.9,0.725,18,522.9,-352.9,2.698,1.554,0.404,10,PINCH
D,PINCH,483.9,0.896,13,289.7,483.9,2.428,1.525,0.351,11,PINCH
D,PINCH,463.9,0.880,13,463.9,344.9,2.938,1.641,0.424,10,PINCH
D,PINCH,743.0,1.029,50,743.0,-388.8,2.393,1.379,0.388,14,TWIST
D,PINCH,494.3,1.700,11,19.4,271.4,1.986,1.292,0.249,15,PINCH
D,PINCH,419.0,1.282,13,419.0,269.9,1.955,1.256,0.284,13,PINCH
D,PINCH,731.5,0.779,57,731.5,-391.2,1.738,1.297,0.177,7,TWIST
D,PINCH,513.3,2.282,13,513.3,-205.6,2.218,1.490,0.298,9,PINCH
D,PINCH,313.1,1.461,15,313.1,-188.5,2.694,1.579,0.375,12,PINCH
D,PINCH,405.4,1.913,7,-134.9,-77.1,3.028,1.613,0.413,7,PINCH
D,PINCH,353.7,1.975,14,353.7,77.6,3.078,1.511,0.449,12,PINCH
D,PINCH,464.3,1.472,17,-225.3,90.0,2.518,1.402,0.331,12,PINCH
D,PINCH,401.9,0.883,13,401.9,-235.9,2.060,1.437,0.278,11,PINCH
D,PINCH,503.1,1.054,13,503.1,-190.3,2.545,1.463,0.301,12,PINCH
D,PINCH,381.4,1.430,15,133.6,133.1,2.349,1.368,0.332,14,PINCH
D,PINCH,450.4,1.016,15,269.0,-174.4,2.074,1.377,0.235,13,PINCH
D,PINCH,345.3,0.835,9,-236.1,345.3,2.318,1.523,0.332,11,PINCH
D,PINCH,554.4,0.931,13,554.4,-395.7,2.348,1.376,0.279,12,PINCH
D,GARBAGE,180.5,0.810,0,180.5,-124.4,1.996,1.406,0.257,4,NONE
D,GARBAGE,179.6,0.930,0,108.5,179.6,1.929,1.275,0.258,5,NONE
D,GARBAGE,131.3,0.935,0,-55.4,-85.0,2.006,1.272,0.293,8,NONE
D,GARBAGE,110.7,1.622,0,-46.5,21.7,2.591,1.307,0.343,7,NONE
D,GARBAGE,370.1,1.674,21,190.8,30.4,1.954,1.377,0.264,5,NONE
D,GARBAGE,181.3,0.816,0,122.4,181.3,1.720,1.038,0.170,1,NONE
D,GARBAGE,165.7,1.380,0,38.0,-82.0,2.034,1.332,0.281,13,NONE
D,GARBAGE,348.2,0.887,9,348.2,-130.0,1.783,1.041,0.145,1,NONE
D,GARBAGE,173.8,0.763,0,173.8,-108.4,1.499,0.962,0.119,1,NONE
D,GARBAGE,393.4,1.698,23,134.7,97.0,1.870,1.276,0.303,6,NONE
D,GARBAGE,318.7,1.318,13,318.7,157.1,1.506,1.035,0.156,1,NONE
D,GARBAGE,108.4,1.054,0,-45.8,57.0,2.015,1.344,0.237,10,NONE
D,GARBAGE,77.7,1.782,0,23.3,77.7,2.146,1.313,0.327,6,NONE
D,GARBAGE,167.3,2.248,0,167.3,-35.3,1.700,1.042,0.200,1,NONE
D,GARBAGE,95.9,1.665,0,95.9,-22.0,2.135,1.266,0.287,8,NONE
D,GARBAGE,89.8,1.860,0,-14.7,33.6,1.953,1.253,0.247,4,NONE
D,GARBAGE,160.7,1.579,0,60.4,41.4,1.967,1.265,0.281,10,NONE
D,GARBAGE,361.2,1.667,21,-168.6,48.1,2.121,1.348,0.293,4,NONE
D,GARBAGE,155.1,2.205,0,155.1,49.7,3.142,1.308,0.480,1,NONE
D,GARBAGE,759.5,1.020,41,759.5,-428.5,2.091,1.398,0.277,11,TWIST
D,GARBAGE,236.8,1.458,3,106.6,-55.9,1.510,1.061,0.159,3,NONE
D,GARBAGE,369.7,0.800,22,369.7,209.1,1.939,1.256,0.164,2,NONE
D,GARBAGE,146.8,1.019,0,146.8,-40.4,1.896,1.255,0.240,1,NONE
D,GARBAGE,268.5,1.083,8,75.6,268.5,1.656,1.026,0.159,2,NONE
D,GARBAGE,171.2,0.895,0,171.2,-87.8,1.962,1.041,0.239,1,NONE
D,GARBAGE,419.5,2.363,11,-60.6,419.5,2.187,1.377,0.262,10,PINCH
D,GARBAGE,160.6,0.852,0,98.8,-89.7,2.933,1.418,0.482,11,NONE
D,GARBAGE,364.1,2.178,21,-85.2,82.0,1.775,1.241,0.260,13,NONE
D,GARBAGE,149.9,1.770,0,57.5,149.9,2.078,1.394,0.329,5,NONE
D,GARBAGE,363.4,1.382,21,-100.4,162.4,2.227,1.321,0.312,10,NONE
D,GARBAGE,94.2,1.870,0,26.2,94.2,1.796,1.046,0.219,2,NONE
D,GARBAGE,136.7,5.535,0,136.7,11.8,2.134,1.369,0.312,10,NONE
D,FLICK,1258.6,2.907,26,-41.3,391.6,2.291,1.533,0.289,10,FLICK
D,FLICK,1355.2,1.339,29,-397.6,614.6,2.548,1.577,0.332,11,FLICK
D,FLICK,1127.3,2.972,21,1127.3,-326.9,2.346,1.300,0.341,12,FLICK
D,FLICK,859.6,1.580,18,-457.7,859.6,2.347,1.474,0.371,9,FLICK
D,FLICK,1274.4,1.780,23,1274.4,-579.9,2.102,1.511,0.213,11,FLICK
D,FLICK,1139.1,1.753,19,1139.1,312.2,2.211,1.374,0.262,15,FLICK
D,FLICK,976.9,2.313,21,-160.3,262.1,1.902,1.386,0.237,15,FLICK
D,FLICK,1264.0,1.385,27,-692.3,-220.2,2.738,1.456,0.379,13,FLICK
D,FLICK,1104.2,1.905,27,244.3,335.4,2.235,1.422,0.294,9,FLICK
D,FLICK,1178.7,2.458,12,201.5,1178.7,2.179,1.269,0.234,15,FLICK
D,FLICK,1157.8,1.769,23,-229.5,-424.9,2.416,1.577,0.320,10,FLICK
D,FLICK,1184.1,1.707,20,344.5,1184.1,2.133,1.493,0.231,10,FLICK
D,FLICK,1361.6,2.153,15,-208.7,-423.8,1.810,1.273,0.228,12,FLICK
D,FLICK,1393.2,2.455,26,1393.2,521.2,2.441,1.554,0.282,8,FLICK
D,FLICK,938.4,2.410,15,-282.0,107.4,2.620,1.607,0.339,9,FLICK
D,FLICK,1255.1,1.624,33,-617.7,1255.1,2.118,1.316,0.263,10,FLICK
D,FLICK,1188.7,1.839,23,211.5,1188.7,1.764,1.336,0.199,16,FLICK
D,FLICK,962.8,1.708,25,389.3,962.8,2.135,1.497,0.270,12,FLICK
E,TWIST,873.0,1.054,50,873.0,-357.4,2.228,1.392,0.354,13,TWIST
E,TWIST,694.1,1.284,39,694.1,-289.0,2.083,1.257,0.359,13,TWIST
E,TWIST,737.1,1.108,45,-405.3,737.1,1.971,1.255,0.282,7,TWIST
E,TWIST,789.8,1.095,35,-510.1,789.8,1.995,1.284,0.223,5,TWIST
E,TWIST,324.6,4.199,17,-48.4,28.9,2.230,1.319,0.330,11,PINCH
E,TWIST,686.3,1.306,29,327.0,-198.5,2.024,1.373,0.255,13,TWIST
E,TWIST,251.3,1.408,6,24.9,251.3,2.090,1.048,0.285,4,NONE
E,TWIST,322.6,0.793,13,322.6,254.9,2.402,1.323,0.280,12,PINCH
E,TWIST,750.2,0.938,35,-257.7,750.2,2.029,1.295,0.164,7,TWIST
E,TWIST,668.4,1.543,43,668.4,113.0,2.255,1.293,0.224,3,TWIST
E,TWIST,850.5,0.862,57,-506.7,850.5,2.539,1.330,0.361,10,TWIST
E,TWIST,760.4,0.872,45,-521.8,-349.9,2.007,1.316,0.213,14,TWIST
E,TWIST,147.4,1.021,0,41.6,147.4,2.248,1.277,0.336,5,NONE
E,TWIST,690.2,1.714,53,690.2,-207.0,1.796,1.250,0.205,7,TWIST
E,TWIST,386.6,0.759,9,386.6,-272.8,2.350,1.465,0.362,11,PINCH
E,TWIST,795.1,0.897,43,338.7,795.1,1.922,1.251,0.194,3,TWIST
E,TWIST,653.5,1.350,30,-193.5,653.5,2.481,1.314,0.345,12,TWIST
E,TWIST,341.1,1.907,17,-148.1,341.1,2.438,1.352,0.367,10,PINCH
E,TWIST,357.9,1.380,11,-167.6,357.9,2.204,1.485,0.237,13,PINCH
E,TWIST,1346.3,3.520,13,-134.6,247.9,2.474,1.383,0.311,9,FLICK
E,TWIST,375.9,0.827,13,375.9,-232.3,1.986,1.373,0.238,16,PINCH
E,TWIST,676.1,1.433,51,676.1,-227.2,1.883,1.246,0.171,4,TWIST
E,TWIST,847.6,1.097,27,-509.1,-263.9,1.885,1.294,0.258,12,TWIST
E,TWIST,695.5,0.914,33,-459.8,-301.4,2.107,1.332,0.297,14,TWIST
E,TWIST,656.2,1.698,55,-132.9,656.2,2.051,1.283,0.303,10,TWIST
E,TWIST,702.7,1.025,44,702.7,-377.4,1.935,1.241,0.256,11,TWIST
E,PINCH,356.3,0.964,9,117.0,356.3,2.221,1.471,0.323,9,PINCH
E,PINCH,507.1,1.290,17,507.1,-300.9,2.738,1.310,0.424,8,PINCH
E,PINCH,321.0,1.028,17,-222.8,89.3,1.899,1.311,0.296,13,PINCH
E,PINCH,323.7,2.067,12,-106.2,323.7,2.334,1.477,0.254,16,PINCH
E,PINCH,419.3,1.074,13,257.8,419.3,2.115,1.340,0.286,14,PINCH
E,PINCH,335.5,1.940,17,-63.3,-109.6,2.050,1.306,0.305,11,PINCH
E,PINCH,409.7,0.963,17,-176.9,409.7,2.145,1.261,0.340,11,PINCH
E,PINCH,531.4,2.041,17,125.6,-134.8,2.564,1.365,0.378,8,PINCH
E,PINCH,357.6,0.792,15,216.1,357.6,2.676,1.665,0.353,10,PINCH
E,PINCH,379.6,1.308,18,201.9,379.6,2.791,1.667,0.444,12,PINCH
E,PINCH,315.9,1.798,17,-161.1,-14.7,2.495,1.479,0.341,14,PINCH
E,PINCH,525.3,1.459,11,194.8,525.3,2.352,1.473,0.374,11,PINCH
E,PINCH,373.8,1.932,9,115.4,-78.1,2.514,1.612,0.446,7,PINCH
E,PINCH,494.9,4.494,12,19.8,-90.3,2.102,1.500,0.242,15,PINCH
E,PINCH,453.7,1.992,16,67.0,453.7,2.020,1.398,0.253,16,PINCH
E,PINCH,450.6,0.971,18,249.1,450.6,2.249,1.494,0.307,14,PINCH
E,PINCH,559.4,2.452,13,559.4,-16.3,2.273,1.463,0.340,12,PINCH
E,PINCH,348.8,2.072,19,25.8,-142.6,2.152,1.442,0.295,11,NONE
E,PINCH,342.5,4.197,5,32.6,49.0,2.193,1.369,0.267,14,PINCH
E,PINCH,542.9,9.132,13,542.9,12.2,2.304,1.567,0.374,14,PINCH
E,PINCH,528.2,3.626,14,528.2,52.1,2.669,1.575,0.356,10,PINCH
E,PINCH,545.3,1.506,14,-13.1,545.3,2.227,1.496,0.318,12,PINCH
E,PINCH,359.2,8.492,7,359.2,-21.6,2.734,1.565,0.446,12,PINCH
E,PINCH,433.3,2.037,9,-133.3,433.3,2.776,1.498,0.331,15,PINCH
E,PINCH,399.3,0.866,15,399.3,-182.1,2.762,1.551,0.402,11,PINCH
E,PINCH,320.1,6.144,9,-32.6,-19.5,2.402,1.550,0.347,11,PINCH
E,PINCH,199.0,1.069,0,199.0,144.4,1.489,0.963,0.238,2,NONE
E,PINCH,1001.0,1.704,11,301.4,1001.0,2.496,1.545,0.427,9,FLICK
E,GARBAGE,88.7,0.793,0,36.5,-75.4,2.003,1.249,0.360,9,NONE
E,GARBAGE,123.8,0.971,0,-39.6,87.9,2.689,1.357,0.386,4,NONE
E,GARBAGE,166.0,4.060,0,-12.9,166.0,2.693,1.315,0.419,3,NONE
E,GARBAGE,105.5,1.056,0,-44.8,105.5,1.686,1.013,0.188,1,NONE
E,GARBAGE,124.6,0.771,0,-84.7,124.6,2.633,1.370,0.411,5,NONE
E,GARBAGE,81.1,1.114,0,-57.2,-15.6,2.054,1.307,0.305,8,NONE
E,GARBAGE,168.4,0.936,0,-115.1,-64.8,1.762,1.268,0.240,6,NONE
E,GARBAGE,164.4,2.111,0,47.9,-30.0,2.255,1.477,0.349,7,NONE
E,GARBAGE,151.6,4.869,0,18.8,-12.4,2.571,1.413,0.416,9,NONE
E,GARBAGE,167.1,2.462,0,167.1,39.6,2.419,1.440,0.355,9,NONE
E,GARBAGE,100.0,2.004,0,-17.7,100.0,2.013,1.399,0.297,3,NONE
E,GARBAGE,88.9,1.412,0,-39.0,-23.9,2.087,1.354,0.286,12,NONE
E,GARBAGE,376.0,0.832,19,376.0,197.3,1.840,1.317,0.212,7,NONE
E,GARBAGE,98.9,0.792,0,50.2,98.9,2.879,1.272,0.472,5,NONE
E,GARBAGE,283.7,3.648,7,283.7,46.8,1.635,1.073,0.214,3,NONE
E,GARBAGE,191.7,2.385,0,-42.7,191.7,1.792,1.004,0.169,1,NONE
E,GARBAGE,92.9,1.628,0,92.9,13.4,2.279,1.342,0.335,4,NONE
E,GARBAGE,182.2,1.421,0,182.2,-40.6,2.217,1.272,0.337,6,NONE
E,FLICK,1008.9,1.563,29,-482.6,162.8,2.139,1.390,0.228,11,FLICK
E,FLICK,781.2,1.681,23,266.1,781.2,2.403,1.551,0.336,11,FLICK
E,FLICK,925.5,1.761,17,925.5,-223.8,2.258,1.429,0.328,14,FLICK
E,FLICK,862.3,2.009,23,61.8,862.3,2.197,1.464,0.243,15,FLICK
E,FLICK,875.2,2.711,19,875.2,308.2,1.991,1.259,0.226,10,FLICK
E,FLICK,802.1,1.573,15,237.6,272.4,2.519,1.393,0.365,7,FLICK
E,FLICK,838.6,2.351,15,838.6,-190.3,2.315,1.416,0.292,11,FLICK
E,FLICK,744.6,2.465,17,744.6,138.3,2.318,1.575,0.308,8,FLICK
E,FLICK,938.4,1.571,23,938.4,309.4,2.123,1.374,0.297,17,FLICK
E,FLICK,806.3,3.525,25,216.7,806.3,1.977,1.264,0.301,13,FLICK
E,FLICK,976.9,3.520,21,-170.7,106.9,2.401,1.505,0.310,10,FLICK
E,FLICK,933.1,2.522,19,285.8,933.1,1.948,1.286,0.324,10,FLICK
E,FLICK,1278.7,2.066,24,1278.7,260.3,2.499,1.475,0.394,9,FLICK
E,FLICK,820.8,3.064,11,820.8,-180.5,2.617,1.455,0.360,14,FLICK
E,FLICK,846.1,2.938,21,846.1,-39.4,1.973,1.436,0.186,14,FLICK
E,FLICK,852.3,2.819,15,234.6,-67.8,1.870,1.257,0.167,11,FLICK
E,FLICK,1249.9,5.344,26,-99.1,1249.9,1.994,1.284,0.285,11,FLICK
E,FLICK,1239.2,2.799,19,-412.8,1239.2,2.051,1.409,0.262,12,FLICK
E,FLICK,1330.4,10.699,15,1330.4,55.8,2.447,1.467,0.412,7,FLICK
E,FLICK,1197.9,1.910,17,336.3,-290.9,2.796,1.611,0.457,12,FLICK
E,FLICK,1107.6,1.522,22,251.8,-475.8,2.181,1.611,0.268,8,FLICK
E,FLICK,847.2,1.325,25,-424.7,847.2,1.860,1.329,0.254,12,FLICK
E,FLICK,817.1,4.261,21,-60.0,817.1,1.843,1.291,0.200,10,FLICK
E,FLICK,1390.5,3.185,29,1390.5,343.2,2.090,1.400,0.233,12,FLICK
E,FLICK,873.7,2.602,21,873.7,22.8,2.347,1.462,0.316,12,FLICK
F,TWIST,765.9,1.066,35,765.9,-397.0,2.075,1.322,0.326,15,TWIST
F,TWIST,743.6,0.993,45,743.6,-448.2,2.111,1.284,0.261,3,TWIST
F,TWIST,446.2,1.446,17,-65.1,243.4,2.179,1.498,0.306,12,PINCH
F,TWIST,777.6,1.098,41,-410.4,-297.7,1.896,1.257,0.222,8,TWIST
F,TWIST,856.3,1.082,34,856.3,-476.0,1.604,1.280,0.107,6,TWIST
F,TWIST,324.2,2.110,13,324.2,137.3,2.136,1.327,0.306,11,PINCH
F,TWIST,703.2,0.940,33,-313.8,703.2,1.724,1.243,0.238,14,TWIST
F,TWIST,640.1,0.999,26,640.1,-392.4,2.522,1.330,0.337,15,TWIST
F,TWIST,409.1,1.056,13,76.4,409.1,2.365,1.527,0.288,10,PINCH
F,TWIST,1065.7,1.664,17,101.9,1065.7,2.258,1.346,0.324,12,FLICK
F,TWIST,653.9,1.089,26,653.9,-295.5,1.974,1.296,0.179,7,TWIST
F,TWIST,670.1,1.529,27,-167.4,-270.9,1.792,1.268,0.174,2,TWIST
F,TWIST,728.3,1.101,46,-283.4,-377.9,2.485,1.352,0.335,10,TWIST
F,TWIST,782.7,0.950,49,782.7,-304.1,2.061,1.330,0.252,9,TWIST
F,TWIST,722.2,1.087,37,722.2,-341.1,2.070,1.274,0.274,12,TWIST
F,TWIST,660.3,1.365,47,660.3,-210.2,2.205,1.401,0.339,13,TWIST
F,TWIST,1109.7,1.353,21,1109.7,-520.5,2.645,1.589,0.353,10,FLICK
F,TWIST,340.6,1.671,15,150.5,-53.4,2.614,1.552,0.404,11,PINCH
F,TWIST,872.0,1.101,29,576.8,-215.0,2.031,1.357,0.238,15,TWIST
F,TWIST,314.3,4.548,11,314.3,-51.1,2.256,1.391,0.368,10,PINCH
F,TWIST,651.2,0.866,31,651.2,-350.6,2.062,1.360,0.271,7,TWIST
F,TWIST,775.5,1.009,36,-486.4,-282.0,2.026,1.276,0.223,2,TWIST
F,TWIST,850.4,0.982,48,-383.9,-482.2,1.828,1.289,0.229,9,TWIST
F,TWIST,773.6,0.839,55,-488.7,-433.7,2.143,1.251,0.257,11,TWIST
F,TWIST,799.4,0.936,40,799.4,240.0,1.923,1.307,0.241,10,TWIST
F,TWIST,731.4,1.070,44,-300.1,731.4,2.076,1.401,0.277,13,TWIST
F,TWIST,796.2,1.062,41,260.4,796.2,2.237,1.311,0.224,5,TWIST
F,TWIST,811.3,1.033,35,374.8,-410.5,2.056,1.333,0.200,8,TWIST
F,PINCH,552.9,1.296,15,376.2,50.3,2.426,1.572,0.368,13,PINCH
F,PINCH,365.5,4.950,21,-48.7,-25.1,2.230,1.276,0.288,6,NONE
F,PINCH,416.0,0.932,15,416.0,-166.8,2.497,1.530,0.339,12,PINCH
F,PINCH,537.8,0.988,13,537.8,-321.6,2.287,1.498,0.228,11,PINCH
F,PINCH,553.3,1.382,11,-228.3,172.0,2.485,1.542,0.300,11,PINCH
F,PINCH,313.6,6.949,18,27.0,313.6,2.217,1.446,0.285,16,PINCH
F,PINCH,383.3,1.425,9,383.3,178.2,2.661,1.563,0.417,15,PINCH
F,PINCH,178.4,2.200,0,178.4,63.9,2.356,1.300,0.335,3,NONE
F,PINCH,554.5,4.550,17,554.5,-99.5,1.888,1.268,0.323,12,PINCH
F,PINCH,512.5,0.982,17,316.7,205.2,2.200,1.443,0.287,14,PINCH
F,PINCH,1079.6,2.407,21,1079.6,-222.5,2.465,1.520,0.379,10,FLICK
F,PINCH,531.4,1.346,12,-201.7,531.4,2.598,1.572,0.307,11,PINCH
F,PINCH,419.4,14.921,15,14.8,13.3,2.296,1.356,0.286,12,PINCH
F,PINCH,457.7,1.325,16,457.7,307.4,2.137,1.323,0.311,15,PINCH
F,PINCH,316.4,3.418,9,41.5,316.4,2.528,1.418,0.297,14,PINCH
F,PINCH,387.3,1.310,11,387.3,134.9,3.008,1.634,0.471,8,PINCH
F,PINCH,506.6,1.965,11,99.1,506.6,2.486,1.516,0.324,11,PINCH
F,PINCH,774.0,0.991,49,774.0,-191.8,2.078,1.242,0.298,15,TWIST
F,PINCH,329.7,3.593,15,329.7,47.3,2.364,1.438,0.359,10,PINCH
F,PINCH,376.2,1.051,9,211.2,376.2,2.214,1.493,0.270,11,PINCH
F,PINCH,1237.9,1.553,21,-536.9,-260.1,2.977,1.449,0.385,8,FLICK
F,PINCH,329.9,0.823,7,-173.0,-228.0,2.695,1.429,0.329,15,PINCH
F,PINCH,776.0,3.686,21,-182.6,27.9,1.986,1.409,0.237,12,FLICK
F,PINCH,493.4,2.406,11,-162.5,493.4,2.298,1.505,0.285,9,PINCH
F,PINCH,382.0,2.791,13,-99.1,-37.8,2.298,1.428,0.299,17,PINCH
F,GARBAGE,352.8,0.679,12,-257.4,262.4,1.636,1.009,0.159,1,NONE
F,GARBAGE,105.7,1.623,0,105.7,11.1,2.268,1.356,0.380,2,NONE
F,GARBAGE,329.7,1.623,19,-177.9,-25.3,2.339,1.354,0.369,8,NONE
F,GARBAGE,114.3,0.766,0,-77.3,114.3,1.881,1.246,0.256,4,NONE
F,GARBAGE,186.4,1.416,0,186.4,82.7,2.087,1.295,0.307,9,NONE
F,GARBAGE,354.4,1.734,13,74.1,130.3,1.650,1.059,0.210,4,NONE
F,GARBAGE,131.2,1.635,0,-18.8,61.4,2.540,1.412,0.432,3,NONE
F,GARBAGE,95.1,2.095,0,95.1,-10.3,1.917,1.345,0.302,5,NONE
F,GARBAGE,167.4,0.725,0,167.4,-115.6,2.001,1.257,0.299,4,NONE
F,GARBAGE,126.5,1.362,0,-11.6,126.5,2.470,1.362,0.341,3,NONE
F,GARBAGE,174.7,2.252,0,-63.9,13.7,2.435,1.419,0.425,5,NONE
F,GARBAGE,117.8,2.184,0,117.8,-22.8,2.079,1.451,0.260,6,NONE
F,GARBAGE,138.3,0.847,0,-87.5,75.8,2.173,1.304,0.309,3,NONE
F,GARBAGE,126.5,0.759,0,71.7,95.1,2.523,1.318,0.343,4,NONE
F,GARBAGE,191.2,2.820,0,191.2,18.5,1.989,1.066,0.252,3,NONE
F,GARBAGE,374.4,1.850,21,374.4,141.9,2.160,1.244,0.257,3,NONE
F,GARBAGE,99.6,1.651,0,-24.7,99.6,1.724,1.045,0.199,2,NONE
F,GARBAGE,135.7,1.579,0,135.7,-44.5,1.931,1.372,0.325,11,NONE
F,GARBAGE,113.4,1.492,0,25.6,50.4,2.443,1.265,0.451,3,NONE
F,GARBAGE,173.9,1.285,0,173.9,62.0,2.032,1.286,0.307,4,NONE
F,GARBAGE,116.9,1.058,0,-26.2,116.9,1.517,1.004,0.126,1,NONE
F,GARBAGE,163.4,1.774,0,-29.9,163.4,2.107,1.375,0.276,8,NONE
F,GARBAGE,161.6,2.313,0,161.6,-13.4,2.232,1.275,0.364,8,NONE
F,GARBAGE,154.9,1.348,0,-27.6,154.9,1.853,1.248,0.174,3,NONE
F,GARBAGE,70.9,1.422,0,70.9,-13.9,2.086,1.248,0.351,4,NONE
F,GARBAGE,399.3,0.727,13,-260.8,-288.4,1.946,1.064,0.302,3,NONE
F,GARBAGE,116.1,0.810,0,116.1,91.8,2.092,1.300,0.280,5,NONE
F,GARBAGE,373.5,3.056,23,373.5,-76.2,3.195,1.349,0.590,4,NONE
F,GARBAGE,184.9,1.447,0,184.9,104.7,2.038,1.377,0.287,4,NONE
F,GARBAGE,113.6,2.691,0,14.5,27.7,1.788,1.288,0.274,4,NONE
F,GARBAGE,368.0,1.089,9,368.0,-129.5,1.825,1.078,0.248,3,NONE
F,GARBAGE,356.0,1.807,21,356.0,-149.4,1.861,1.300,0.259,6,NONE
F,GARBAGE,293.7,0.846,9,178.6,-168.7,1.622,1.059,0.227,5,NONE
F,GARBAGE,128.3,2.039,0,-52.0,128.3,1.594,1.039,0.163,2,NONE
F,FLICK,815.0,1.943,21,815.0,-315.8,2.486,1.457,0.363,11,FLICK
F,FLICK,1240.7,1.380,23,-211.3,-688.0,2.263,1.500,0.343,12,FLICK
F,FLICK,958.6,1.740,23,501.5,-49.4,1.925,1.352,0.198,13,FLICK
F,FLICK,1206.7,2.540,17,-69.1,405.9,2.329,1.426,0.315,12,FLICK
F,FLICK,1040.9,1.551,18,-481.8,1040.9,2.046,1.363,0.260,14,FLICK
F,FLICK,1112.5,1.807,19,1112.5,204.6,2.249,1.415,0.254,9,FLICK
F,FLICK,1093.8,5.070,13,1093.8,-23.1,2.595,1.611,0.429,10,FLICK
F,FLICK,1274.1,1.600,23,1274.1,-454.9,2.206,1.445,0.323,9,FLICK
F,FLICK,935.3,2.052,14,167.9,287.8,2.698,1.539,0.371,8,FLICK
F,FLICK,1292.8,2.101,23,1292.8,120.2,2.273,1.472,0.275,11,FLICK
F,FLICK,1287.6,1.891,31,558.5,-122.2,2.225,1.333,0.325,13,FLICK
F,FLICK,783.8,1.281,19,-222.3,783.8,3.113,1.563,0.420,10,FLICK
F,FLICK,1057.6,1.470,25,1057.6,-442.2,2.202,1.407,0.370,12,FLICK
F,FLICK,965.3,1.635,25,965.3,-249.9,2.031,1.550,0.244,11,FLICK
F,FLICK,1253.8,1.343,25,1253.8,-294.1,2.463,1.376,0.376,11,FLICK
F,FLICK,1086.1,3.942,23,44.0,1086.1,2.442,1.446,0.308,11,FLICK
F,FLICK,1127.2,2.163,12,1127.2,-217.1,2.301,1.502,0.334,13,FLICK
F,FLICK,786.8,1.740,13,-344.1,786.8,2.544,1.712,0.333,6,FLICK
F,FLICK,1190.8,1.643,25,205.5,1190.8,2.047,1.252,0.236,8,FLICK
F,FLICK,905.2,1.431,21,905.2,354.0,2.344,1.422,0.351,12,FLICK
F,FLICK,1350.4,5.048,19,1350.4,-17.0,2.080,1.440,0.144,14,FLICK
F,FLICK,1116.7,2.817,26,335.9,1116.7,2.652,1.638,0.395,9,FLICK
F,FLICK,1345.3,5.263,23,111.1,1345.3,2.341,1.456,0.301,10,FLICK
F,FLICK,1278.8,1.578,29,536.7,273.9,2.233,1.332,0.324,10,FLICK
F,FLICK,778.0,2.547,23,778.0,-181.1,1.930,1.329,0.254,7,FLICK
F,FLICK,1292.3,1.300,31,1292.3,643.9,2.235,1.414,0.290,7,FLICK
F,FLICK,1287.1,2.591,23,249.8,-246.9,1.896,1.411,0.182,14,FLICK
F,FLICK,1291.1,2.533,17,1291.1,-390.6,1.986,1.369,0.273,10,FLICK
F,FLICK,981.2,3.321,21,981.2,93.6,2.095,1.627,0.254,7,FLICK
F,FLICK,935.6,2.239,13,254.9,162.9,2.220,1.396,0.227,14,FLICK
F,FLICK,1064.8,3.694,17,-160.7,-127.6,1.926,1.337,0.319,10,FLICK
F,FLICK,1020.1,5.218,13,-67.0,128.5,2.082,1.340,0.230,12,FLICK
F,FLICK,1263.7,4.138,25,-279.2,1263.7,2.867,1.632,0.439,9,FLICK
F,FLICK,1232.0,1.524,37,109.0,699.2,3.185,1.817,0.465,7,FLICK
F,FLICK,1081.1,2.427,21,-84.4,1081.1,2.281,1.402,0.340,11,FLICK
F,FLICK,802.2,1.337,21,802.2,-409.5,2.259,1.552,0.245,10,FLICK
F,FLICK,1082.9,1.813,27,-54.4,-542.9,2.348,1.491,0.280,9,FLICK
F,FLICK,909.8,1.890,21,-130.3,909.8,2.381,1.474,0.288,14,FLICK
F,FLICK,882.5,5.105,19,882.5,-148.8,2.226,1.349,0.328,9,FLICK
F,FLICK,1037.0,10.748,15,22.9,1037.0,3.429,1.741,0.601,7,FLICK
G,TWIST,1326.5,2.113,19,-134.8,1326.5,2.073,1.333,0.283,9,FLICK
G,TWIST,1088.5,1.527,25,1088.5,571.4,2.074,1.439,0.225,15,FLICK
G,TWIST,691.2,1.006,46,-312.0,-374.8,2.027,1.276,0.302,13,TWIST
G,TWIST,877.6,1.077,51,-515.7,-299.5,1.974,1.297,0.241,11,TWIST
G,TWIST,672.7,0.763,59,-479.6,-401.9,1.830,1.298,0.155,7,TWIST
G,TWIST,699.9,1.094,55,699.9,-371.5,2.117,1.305,0.286,15,TWIST
G,TWIST,1336.6,1.283,26,680.9,1336.6,1.852,1.250,0.271,11,FLICK
G,TWIST,825.6,0.916,51,-402.3,825.6,2.022,1.357,0.265,12,TWIST
G,TWIST,739.0,0.850,51,-349.2,739.0,2.143,1.332,0.220,15,TWIST
G,TWIST,693.0,1.354,46,693.0,-341.7,1.808,1.268,0.261,8,TWIST
G,TWIST,624.1,0.815,41,624.1,-267.0,1.707,1.285,0.110,9,TWIST
G,TWIST,1332.3,2.195,23,1332.3,-305.0,2.114,1.373,0.222,14,FLICK
G,PINCH,643.3,1.523,45,-210.5,643.3,2.017,1.336,0.240,15,TWIST
G,PINCH,318.6,0.983,9,318.6,-87.4,2.270,1.538,0.316,12,PINCH
G,PINCH,549.4,2.782,15,-146.1,-51.3,2.849,1.614,0.402,10,PINCH
G,PINCH,696.7,1.360,36,696.7,-247.6,2.023,1.343,0.310,15,TWIST
G,PINCH,363.5,1.025,13,130.6,363.5,1.903,1.285,0.312,15,PINCH
G,PINCH,517.5,3.934,13,53.0,-78.5,2.212,1.361,0.270,14,PINCH
G,PINCH,311.7,1.568,11,-20.4,311.7,2.156,1.076,0.240,3,NONE
G,PINCH,454.5,1.312,16,292.3,54.2,1.927,1.288,0.237,11,PINCH
G,PINCH,511.2,0.950,15,-199.6,511.2,2.531,1.620,0.374,12,PINCH
G,PINCH,473.1,1.474,13,293.8,-27.2,2.178,1.355,0.349,15,PINCH
G,PINCH,525.1,0.994,15,-314.7,525.1,2.458,1.490,0.317,11,PINCH
G,PINCH,532.6,2.340,10,532.6,-105.5,1.919,1.273,0.332,11,PINCH
G,PINCH,526.0,1.380,13,-175.1,205.9,2.329,1.504,0.340,8,PINCH
G,PINCH,303.5,0.659,6,-226.8,-233.5,2.027,1.327,0.244,15,PINCH
G,PINCH,369.1,1.854,10,-13.8,369.1,3.131,1.605,0.458,12,PINCH
G,PINCH,652.8,1.370,33,-238.0,-238.3,2.172,1.345,0.256,13,TWIST
G,PINCH,321.9,0.858,19,321.9,-173.6,2.732,1.416,0.365,6,NONE
G,PINCH,346.7,0.840,9,346.7,-183.8,2.103,1.326,0.330,16,PINCH
G,PINCH,453.5,2.029,15,-12.9,-210.6,1.958,1.305,0.294,16,PINCH
G,PINCH,766.6,1.035,38,-449.9,-290.6,1.885,1.271,0.192,5,TWIST
G,PINCH,766.8,0.979,44,255.4,766.8,1.885,1.269,0.209,10,TWIST
G,PINCH,489.9,0.946,13,306.1,489.9,2.450,1.512,0.360,9,PINCH
G,PINCH,424.3,0.794,15,424.3,-254.2,2.422,1.706,0.294,5,PINCH
G,PINCH,306.2,1.017,17,101.8,199.3,2.486,1.611,0.426,9,PINCH
G,PINCH,348.4,1.974,13,-111.7,-64.8,2.990,1.617,0.448,11,PINCH
G,PINCH,431.8,0.721,17,-309.3,431.8,2.354,1.498,0.290,12,PINCH
G,GARBAGE,346.1,0.878,11,-193.9,346.1,1.824,1.055,0.307,5,NONE
G,GARBAGE,180.0,0.973,0,81.9,180.0,2.163,1.292,0.260,7,NONE
G,GARBAGE,91.2,0.971,0,91.2,-32.7,2.154,1.289,0.328,11,NONE
G,GARBAGE,111.2,1.913,0,111.2,-26.5,2.000,1.308,0.289,5,NONE
G,GARBAGE,375.6,3.969,23,375.6,13.4,2.011,1.353,0.285,9,NONE
G,GARBAGE,270.8,1.318,11,-90.7,270.8,1.915,1.043,0.323,4,NONE
G,GARBAGE,99.2,1.523,0,-32.2,-32.9,2.321,1.261,0.392,2,NONE
G,GARBAGE,253.9,1.621,11,-132.5,253.9,1.740,1.070,0.201,4,NONE
G,GARBAGE,106.8,2.956,0,-14.7,21.4,1.847,1.331,0.211,4,NONE
G,GARBAGE,144.3,2.098,0,144.3,-25.1,2.986,1.348,0.389,8,NONE
G,GARBAGE,100.4,1.353,0,15.4,100.4,1.873,1.309,0.255,4,NONE
G,GARBAGE,142.9,1.006,0,-56.4,142.9,1.951,1.076,0.218,1,NONE
G,GARBAGE,401.0,1.001,21,401.0,204.0,1.943,1.301,0.279,4,NONE
G,GARBAGE,77.5,0.892,0,63.4,-23.5,1.689,1.059,0.217,3,NONE
G,GARBAGE,104.6,1.011,0,62.7,40.8,2.048,1.353,0.274,9,NONE
G,GARBAGE,278.3,0.921,12,191.0,111.2,1.702,1.014,0.153,1,NONE
G,GARBAGE,298.7,0.922,15,298.7,-116.8,2.292,1.566,0.361,9,PINCH
G,GARBAGE,138.2,0.659,0,138.2,107.7,1.506,0.975,0.137,1,NONE
G,GARBAGE,125.0,1.323,0,48.1,125.0,1.947,1.028,0.345,4,NONE
G,GARBAGE,81.2,0.994,0,81.2,-42.6,1.845,1.271,0.233,5,NONE
G,GARBAGE,85.3,1.117,0,38.4,85.3,1.756,1.040,0.273,4,NONE
G,FLICK,1121.2,1.510,24,-477.8,-264.5,2.324,1.558,0.304,10,FLICK
G,FLICK,1186.9,1.342,19,1186.9,-330.3,2.244,1.397,0.244,13,FLICK
G,FLICK,1073.3,2.102,23,-276.8,233.9,2.440,1.520,0.359,12,FLICK
G,FLICK,886.2,2.054,13,52.6,886.2,2.395,1.318,0.317,13,FLICK
G,FLICK,1252.1,1.810,21,-146.8,1252.1,1.949,1.338,0.215,12,FLICK
G,FLICK,817.0,1.473,23,461.8,817.0,2.359,1.375,0.355,11,FLICK
G,FLICK,1026.0,1.304,16,-427.9,1026.0,2.009,1.332,0.184,11,FLICK
G,FLICK,784.9,1.893,17,-165.3,249.5,1.977,1.281,0.208,9,FLICK
G,FLICK,1289.3,3.021,26,1289.3,-338.7,2.508,1.451,0.325,11,FLICK
G,FLICK,1013.5,1.668,22,-364.4,-243.1,2.153,1.431,0.281,17,FLICK
G,FLICK,983.8,7.385,15,72.3,983.8,2.143,1.405,0.314,12,FLICK
G,FLICK,1028.7,2.835,17,240.3,1028.7,2.107,1.451,0.327,10,FLICK
G,FLICK,857.1,2.217,21,857.1,169.8,2.127,1.520,0.319,14,FLICK
G,FLICK,873.6,2.276,23,873.6,113.6,1.767,1.240,0.211,12,FLICK
G,FLICK,841.0,2.025,14,-109.6,-305.6,2.361,1.463,0.313,10,FLICK
G,FLICK,1215.9,2.241,27,-70.0,-472.6,2.247,1.422,0.315,16,FLICK
G,FLICK,850.7,1.722,21,273.8,-220.2,2.265,1.375,0.246,15,FLICK
G,FLICK,1185.3,5.275,13,1185.3,153.5,2.751,1.323,0.371,5,FLICK
G,FLICK,1116.5,1.804,25,-147.0,1116.5,2.200,1.369,0.299,9,FLICK
G,FLICK,1355.4,1.522,21,-132.9,1355.4,2.178,1.406,0.230,13,FLICK
G,FLICK,1273.0,1.650,30,-73.7,697.8,2.305,1.345,0.332,9,FLICK
G,FLICK,1321.2,2.256,28,-394.2,-191.6,2.390,1.288,0.292,8,FLICK
G,FLICK,1088.4,2.682,13,-170.3,-235.5,2.298,1.395,0.282,13,FLICK
H,TWIST,334.8,2.144,20,103.9,-52.3,1.692,1.057,0.183,3,NONE
H,TWIST,650.4,1.284,51,650.4,-227.1,2.165,1.281,0.301,12,TWIST
H,TWIST,373.3,1.520,9,373.3,162.4,2.310,1.391,0.353,10,PINCH
H,TWIST,845.5,0.976,39,-479.0,845.5,1.735,1.249,0.231,17,TWIST
H,TWIST,672.7,0.884,42,-366.9,-393.9,1.857,1.278,0.303,14,TWIST
H,TWIST,694.1,1.010,37,-323.6,-363.7,1.921,1.244,0.209,7,TWIST
H,TWIST,785.7,1.112,34,-463.2,-243.3,2.042,1.251,0.340,13,TWIST
H,TWIST,793.6,1.043,47,-381.7,-379.1,1.870,1.269,0.294,10,TWIST
H,TWIST,786.8,0.986,31,518.7,279.6,2.290,1.245,0.287,7,TWIST
H,TWIST,662.3,1.321,30,662.3,-198.9,1.610,1.256,0.138,12,TWIST
H,TWIST,782.3,0.903,45,-414.0,782.3,1.906,1.317,0.155,9,TWIST
H,TWIST,683.3,1.082,39,417.6,-213.8,2.327,1.377,0.274,11,TWIST
H,TWIST,378.8,1.414,20,-99.3,378.8,1.995,1.249,0.243,2,NONE
H,TWIST,676.4,1.283,33,-275.6,676.4,2.152,1.313,0.201,13,TWIST
H,TWIST,318.3,0.890,7,318.3,-213.9,2.366,1.465,0.347,15,PINCH
H,TWIST,446.0,2.784,9,132.0,-28.2,2.902,1.615,0.452,13,PINCH
H,TWIST,789.0,0.958,55,789.0,-472.5,1.897,1.271,0.174,9,TWIST
H,TWIST,637.1,1.014,50,637.1,-207.9,2.160,1.359,0.220,13,TWIST
H,TWIST,725.8,1.101,37,-397.1,725.8,1.732,1.286,0.144,8,TWIST
H,TWIST,1340.8,3.202,27,-224.1,1340.8,2.319,1.393,0.381,11,FLICK
H,TWIST,765.5,0.903,30,495.3,-352.5,1.785,1.281,0.226,13,TWIST
H,TWIST,692.4,1.027,29,-359.2,692.4,1.858,1.295,0.208,13,TWIST
H,TWIST,684.2,1.050,28,-384.0,-267.7,2.166,1.283,0.216,7,TWIST
H,TWIST,171.2,0.879,0,171.2,113.8,2.128,1.365,0.322,5,NONE
H,TWIST,805.6,0.996,35,346.7,-462.1,1.891,1.280,0.166,8,TWIST
H,TWIST,715.5,0.974,36,213.0,715.5,1.843,1.257,0.191,5,TWIST
H,TWIST,650.4,0.914,31,-247.6,-463.7,2.418,1.385,0.329,15,TWIST
H,TWIST,722.8,0.730,35,-432.1,722.8,1.805,1.348,0.175,11,TWIST
H,TWIST,686.8,1.350,41,-347.7,-160.9,2.123,1.345,0.266,11,TWIST
H,TWIST,696.2,1.364,33,271.4,238.9,2.196,1.250,0.342,12,TWIST
H,TWIST,667.8,1.022,44,262.7,-390.9,1.774,1.245,0.185,4,TWIST
H,TWIST,726.3,0.985,42,509.1,228.5,1.912,1.321,0.256,17,TWIST
H,TWIST,645.6,1.082,52,-379.6,645.6,2.037,1.311,0.252,14,TWIST
H,TWIST,708.0,1.108,45,-241.3,708.0,2.243,1.294,0.338,10,TWIST
H,TWIST,825.8,1.047,47,-300.0,825.8,2.259,1.312,0.298,17,TWIST
H,TWIST,405.5,0.846,17,-296.5,405.5,2.449,1.643,0.375,8,PINCH
H,TWIST,1004.1,1.433,25,-532.3,168.4,2.300,1.442,0.289,12,FLICK
H,TWIST,683.3,0.919,41,683.3,337.2,1.763,1.247,0.232,12,TWIST
H,TWIST,742.4,1.026,35,-262.7,-460.9,1.785,1.267,0.148,7,TWIST
H,TWIST,850.8,1.068,46,-473.2,-323.5,1.902,1.266,0.196,8,TWIST
H,PINCH,280.9,1.856,5,280.9,25.6,2.208,1.501,0.292,14,PINCH
H,PINCH,375.6,1.435,11,213.4,375.6,2.807,1.461,0.421,10,PINCH
H,PINCH,318.4,1.334,11,318.4,-167.3,2.279,1.394,0.365,5,PINCH
H,PINCH,380.0,2.640,9,-28.6,380.0,1.856,1.382,0.214,13,PINCH
H,PINCH,413.1,1.341,13,-150.6,157.4,2.502,1.551,0.389,13,PINCH
H,PINCH,1084.4,3.690,11,1084.4,190.0,2.368,1.443,0.324,14,FLICK
H,PINCH,376.6,3.014,12,-10.5,376.6,2.549,1.439,0.365,16,PINCH
H,PINCH,770.0,0.938,46,-502.1,-319.2,2.265,1.342,0.318,10,TWIST
H,PINCH,406.5,1.559,16,-177.7,83.1,3.249,1.659,0.499,13,PINCH
H,PINCH,522.7,3.275,15,522.7,73.6,2.629,1.525,0.323,11,PINCH
H,PINCH,356.8,1.285,21,86.6,-191.0,2.462,1.302,0.385,8,NONE
H,PINCH,411.0,1.391,14,283.7,411.0,2.057,1.308,0.290,14,PINCH
H,PINCH,389.9,0.851,13,389.9,-298.5,2.159,1.466,0.340,11,PINCH
H,PINCH,432.5,0.840,18,432.5,-294.0,2.008,1.434,0.249,17,PINCH
H,PINCH,271.6,0.809,12,271.6,-194.5,1.775,1.064,0.283,6,NONE
H,PINCH,537.6,2.263,17,537.6,-42.4,2.289,1.308,0.337,14,PINCH
H,PINCH,366.6,2.445,9,25.8,124.1,2.023,1.367,0.281,16,PINCH
H,PINCH,101.7,1.518,0,-51.5,-15.4,2.071,1.265,0.306,8,NONE
H,PINCH,604.1,3.605,9,604.1,87.7,2.381,1.480,0.298,11,PINCH
H,PINCH,304.5,0.888,7,140.1,202.9,2.360,1.468,0.361,14,PINCH
H,PINCH,84.8,0.714,0,-60.4,-58.4,1.810,0.989,0.255,4,NONE
H,PINCH,595.7,0.819,15,595.7,-412.7,2.057,1.290,0.295,11,PINCH
H,PINCH,150.9,2.530,0,150.9,-17.3,1.754,1.004,0.293,3,NONE
H,PINCH,165.1,0.986,0,-63.7,-103.7,2.035,1.296,0.316,7,NONE
H,PINCH,283.3,0.790,11,143.6,283.3,2.507,1.413,0.344,11,PINCH
H,PINCH,295.5,3.864,9,46.5,29.9,2.784,1.343,0.328,12,PINCH
H,PINCH,440.5,0.782,15,-229.8,440.5,2.734,1.432,0.342,11,PINCH
H,GARBAGE,123.4,1.534,0,47.4,33.1,2.405,1.450,0.397,2,NONE
H,GARBAGE,381.0,0.716,21,381.0,275.4,1.893,1.360,0.256,5,NONE
H,GARBAGE,371.9,0.958,19,371.9,-204.3,1.651,1.052,0.170,1,NONE
H,GARBAGE,308.3,2.433,13,308.3,22.6,1.945,1.035,0.302,5,NONE
H,GARBAGE,171.0,0.978,0,-68.4,171.0,1.831,0.993,0.206,2,NONE
H,GARBAGE,306.2,1.567,15,-84.1,-111.2,1.587,1.059,0.173,1,NONE
H,GARBAGE,119.8,1.568,0,-56.7,119.8,1.836,1.281,0.269,7,NONE
H,GARBAGE,258.5,2.023,6,258.5,-69.9,1.756,1.038,0.179,1,NONE
H,GARBAGE,294.1,1.106,13,-176.4,89.4,1.842,1.073,0.200,3,NONE
H,GARBAGE,389.9,1.772,21,-156.9,389.9,2.457,1.278,0.366,3,NONE
H,GARBAGE,148.4,0.909,0,67.9,95.4,2.324,1.305,0.353,8,NONE
H,GARBAGE,119.2,1.448,0,-15.5,119.2,2.424,1.386,0.396,8,NONE
H,GARBAGE,390.5,1.485,23,-250.0,390.5,2.038,1.282,0.267,7,NONE
H,GARBAGE,356.7,5.114,19,356.7,21.7,1.732,1.028,0.229,2,NONE
H,GARBAGE,125.5,0.977,0,58.9,125.5,2.124,1.338,0.371,8,NONE
H,GARBAGE,127.4,0.823,0,127.4,95.1,1.713,0.996,0.259,2,NONE
H,GARBAGE,91.0,1.302,0,91.0,-15.7,1.718,1.256,0.175,5,NONE
H,GARBAGE,118.4,0.890,0,58.8,118.4,2.048,1.277,0.239,4,NONE
H,GARBAGE,360.6,1.383,19,-30.8,-229.9,3.083,1.515,0.449,6,NONE
H,GARBAGE,129.4,1.342,0,58.1,38.3,2.339,1.310,0.403,7,NONE
H,GARBAGE,183.3,0.837,0,-86.8,-132.0,1.864,1.248,0.278,7,NONE
H,GARBAGE,93.0,1.691,0,93.0,27.5,2.243,1.044,0.323,3,NONE
H,FLICK,1163.0,2.812,27,1163.0,-114.1,2.320,1.396,0.386,8,FLICK
H,FLICK,1333.3,2.020,15,1333.3,-179.5,2.353,1.497,0.333,11,FLICK
H,FLICK,1027.2,1.487,25,1027.2,556.6,1.603,1.304,0.149,11,FLICK
H,FLICK,1028.9,1.582,16,1028.9,-488.7,3.047,1.631,0.484,8,FLICK
H,FLICK,961.7,1.905,17,-302.5,961.7,2.569,1.400,0.395,13,FLICK
H,FLICK,1193.6,1.582,31,-141.7,-613.0,2.198,1.566,0.288,10,FLICK
H,FLICK,1243.2,1.800,23,246.2,1243.2,2.611,1.586,0.369,9,FLICK
H,FLICK,912.5,2.995,17,-69.9,-234.7,2.189,1.374,0.259,12,FLICK
H,FLICK,879.9,4.205,15,-89.9,-119.4,2.039,1.399,0.281,10,FLICK
H,FLICK,931.1,1.621,25,534.5,931.1,2.090,1.357,0.304,12,FLICK
H,FLICK,1247.3,1.834,27,668.6,1247.3,2.412,1.532,0.329,9,FLICK
H,FLICK,1062.7,1.729,27,1062.7,253.5,2.169,1.385,0.253,10,FLICK
H,FLICK,1103.7,1.624,21,48.8,1103.7,2.208,1.412,0.254,14,FLICK
H,FLICK,1158.1,1.358,25,630.9,-222.0,2.867,1.617,0.423,9,FLICK
H,FLICK,965.7,2.842,25,-151.0,965.7,2.057,1.497,0.293,10,FLICK
H,FLICK,762.0,5.605,13,-115.4,762.0,3.141,1.455,0.460,6,FLICK
H,FLICK,897.7,1.403,19,-139.6,897.7,2.415,1.605,0.311,8,FLICK
H,FLICK,1063.5,1.481,17,205.5,1063.5,3.122,1.544,0.510,9,FLICK
H,FLICK,1299.0,1.359,28,-667.0,1299.0,2.420,1.504,0.378,10,FLICK
H,FLICK,1282.5,2.527,21,-106.6,400.9,2.160,1.398,0.192,12,FLICK
H,FLICK,1002.6,2.207,19,1002.6,338.6,1.951,1.397,0.174,15,FLICK
H,FLICK,1231.5,6.055,23,59.0,1231.5,2.054,1.488,0.225,14,FLICK
H,FLICK,1367.3,2.267,24,1367.3,-383.3,2.684,1.632,0.425,8,FLICK
H,FLICK,1179.5,1.680,31,1179.5,-551.0,2.291,1.321,0.295,15,FLICK
H,FLICK,1082.5,1.797,21,-264.0,1082.5,2.017,1.353,0.260,10,FLICK
H,FLICK,1117.6,1.522,25,1117.6,-123.6,2.720,1.593,0.450,11,FLICK
I,TWIST,816.1,1.115,41,816.1,-289.8,1.955,1.356,0.204,10,TWIST
I,TWIST,767.6,0.918,45,-508.4,-327.9,2.384,1.403,0.320,10,TWIST
I,TWIST,444.3,1.040,13,267.2,444.3,2.901,1.594,0.417,9,PINCH
I,TWIST,695.3,1.747,40,-168.5,695.3,2.249,1.312,0.300,11,TWIST
I,TWIST,665.6,1.105,28,-335.6,665.6,2.032,1.358,0.301,8,TWIST
I,TWIST,673.8,1.389,38,-321.2,673.8,1.905,1.289,0.143,11,TWIST
I,TWIST,692.9,0.739,37,-415.0,692.9,1.760,1.317,0.171,13,TWIST
I,TWIST,688.1,1.065,42,688.1,-281.4,1.877,1.297,0.173,8,TWIST
I,TWIST,387.6,1.482,16,-52.9,387.6,2.386,1.506,0.398,14,PINCH
I,TWIST,699.5,0.782,31,699.5,-389.0,2.052,1.301,0.242,7,TWIST
I,TWIST,677.7,1.572,49,677.7,107.2,1.945,1.309,0.176,8,TWIST
I,TWIST,510.2,0.803,17,510.2,317.3,1.983,1.347,0.242,18,PINCH
I,TWIST,777.1,0.883,51,777.1,-341.3,1.925,1.304,0.291,9,TWIST
I,TWIST,468.2,0.807,15,468.2,251.3,2.134,1.429,0.297,13,PINCH
I,TWIST,684.9,1.432,39,684.9,-205.2,2.394,1.352,0.318,10,TWIST
I,TWIST,738.6,1.099,35,738.6,-380.5,1.928,1.365,0.212,8,TWIST
I,TWIST,688.7,1.033,31,688.7,-209.8,2.109,1.264,0.317,11,TWIST
I,TWIST,678.9,1.569,47,131.4,678.9,1.782,1.257,0.193,3,TWIST
I,TWIST,710.5,0.817,48,-327.4,710.5,2.136,1.363,0.260,3,TWIST
I,TWIST,384.7,1.112,12,95.8,384.7,2.722,1.536,0.442,15,PINCH
I,TWIST,1046.7,1.935,15,-406.2,134.6,2.106,1.332,0.273,13,FLICK
I,TWIST,811.5,0.942,39,-519.8,-342.1,1.919,1.247,0.248,13,TWIST
I,TWIST,633.4,0.882,43,633.4,-241.2,2.050,1.265,0.294,16,TWIST
I,TWIST,169.4,2.034,0,-52.9,169.4,1.917,1.243,0.253,6,NONE
I,PINCH,344.4,3.055,9,75.4,344.4,2.407,1.395,0.394,11,PINCH
I,PINCH,406.7,5.725,13,20.3,50.8,2.612,1.569,0.414,9,PINCH
I,PINCH,488.9,1.714,15,488.9,236.0,2.833,1.509,0.360,13,PINCH
I,PINCH,164.0,2.300,0,-9.6,164.0,1.374,0.993,0.165,1,NONE
I,PINCH,189.6,0.943,0,189.6,-116.6,2.188,1.284,0.346,3,NONE
I,PINCH,758.3,0.943,40,-444.0,758.3,1.879,1.267,0.252,15,TWIST
I,PINCH,142.2,0.684,0,107.8,142.2,1.411,0.947,0.155,1,NONE
I,PINCH,334.6,1.035,15,-229.5,334.6,2.279,1.317,0.316,13,PINCH
I,PINCH,374.2,0.835,17,-231.9,374.2,2.624,1.591,0.383,9,PINCH
I,PINCH,307.7,0.824,7,-218.1,155.5,2.691,1.434,0.440,11,PINCH
I,PINCH,424.0,1.099,13,139.0,-246.9,2.184,1.428,0.344,15,PINCH
I,PINCH,332.0,2.107,15,49.1,332.0,2.093,1.453,0.327,16,PINCH
I,PINCH,455.4,1.615,9,47.2,455.4,2.753,1.455,0.422,7,PINCH
I,PINCH,381.0,1.317,11,192.7,-96.5,2.314,1.523,0.321,11,PINCH
I,PINCH,785.5,0.923,33,591.6,259.0,2.014,1.292,0.248,12,TWIST
I,PINCH,1090.7,1.938,27,1090.7,461.0,2.041,1.314,0.291,9,FLICK
I,PINCH,486.3,1.304,17,-307.1,486.3,2.030,1.333,0.276,10,PINCH
I,PINCH,1153.9,1.425,22,1153.9,364.3,2.299,1.457,0.336,12,FLICK
I,PINCH,302.6,4.245,12,27.2,302.6,2.235,1.481,0.258,13,PINCH
I,PINCH,480.3,1.060,13,-320.5,-132.7,2.683,1.320,0.357,14,PINCH
I,PINCH,668.4,0.931,43,254.1,-463.6,2.226,1.359,0.284,9,TWIST
I,PINCH,1192.6,2.694,15,1192.6,-221.6,2.728,1.707,0.355,7,FLICK
I,PINCH,486.9,1.463,13,138.2,194.5,2.586,1.456,0.438,9,PINCH
I,PINCH,378.6,0.953,19,-181.5,378.6,2.094,1.382,0.332,6,NONE
I,PINCH,300.2,1.465,17,300.2,-10.5,3.148,1.560,0.391,11,PINCH
I,PINCH,362.8,0.927,7,194.3,362.8,1.908,1.296,0.266,16,PINCH
I,PINCH,366.9,0.922,7,-175.8,366.9,1.974,1.327,0.242,13,PINCH
I,PINCH,462.9,1.387,17,-318.1,15.6,2.204,1.471,0.293,11,PINCH
I,GARBAGE,108.8,1.289,0,108.8,-28.7,2.184,1.271,0.374,6,NONE
I,GARBAGE,337.1,1.852,19,337.1,68.6,2.008,1.302,0.255,5,NONE
I,GARBAGE,357.5,0.791,13,-169.5,357.5,1.865,1.054,0.243,5,NONE
I,GARBAGE,163.9,1.345,0,-60.9,163.9,2.684,1.254,0.374,6,NONE
I,GARBAGE,670.7,1.354,43,670.7,-214.9,1.724,1.240,0.159,4,TWIST
I,GARBAGE,127.2,3.529,0,127.2,18.6,1.820,1.045,0.237,3,NONE
I,GARBAGE,377.0,1.490,21,-27.2,-225.9,2.224,1.379,0.300,5,NONE
I,GARBAGE,145.9,0.737,0,145.9,104.9,2.746,1.342,0.452,3,NONE
I,GARBAGE,857.4,1.402,21,-314.0,297.5,2.010,1.343,0.182,16,FLICK
I,GARBAGE,335.7,0.973,11,335.7,172.8,2.356,1.536,0.333,12,PINCH
I,GARBAGE,680.7,2.473,31,-74.4,680.7,1.693,1.305,0.130,7,TWIST
I,GARBAGE,79.7,1.905,0,79.7,16.2,2.333,1.363,0.368,3,NONE
I,GARBAGE,91.2,1.072,0,91.2,56.0,2.409,1.397,0.396,7,NONE
I,GARBAGE,95.6,0.825,0,69.3,95.6,2.797,1.359,0.443,8,NONE
I,GARBAGE,120.7,1.328,0,120.7,77.5,2.721,1.260,0.382,4,NONE
I,GARBAGE,196.8,0.957,0,84.7,121.0,2.365,1.354,0.415,3,NONE
I,GARBAGE,179.6,0.945,0,179.6,-115.8,2.341,1.279,0.350,7,NONE
I,GARBAGE,355.5,0.808,13,-192.8,355.5,1.643,1.039,0.285,10,NONE
I,GARBAGE,307.4,0.834,15,-185.1,-183.6,1.681,1.045,0.274,6,NONE
I,GARBAGE,140.3,0.732,0,98.5,93.1,2.389,1.320,0.316,1,NONE
I,GARBAGE,517.9,1.707,15,51.1,-252.4,2.063,1.415,0.318,10,PINCH
I,GARBAGE,476.9,2.803,17,26.9,143.2,2.250,1.376,0.302,16,PINCH
I,GARBAGE,104.9,1.078,0,-34.5,62.8,2.333,1.346,0.285,9,NONE
I,GARBAGE,80.8,0.885,0,-55.3,-36.0,2.293,1.296,0.366,3,NONE
I,GARBAGE,181.7,1.049,0,55.4,-117.8,2.145,1.394,0.238,6,NONE
I,GARBAGE,117.6,1.550,0,38.6,37.2,1.937,1.286,0.248,9,NONE
I,GARBAGE,136.8,2.269,0,39.2,21.0,2.210,1.259,0.296,9,NONE
I,GARBAGE,99.6,2.582,0,16.0,99.6,1.847,1.333,0.220,13,NONE
I,GARBAGE,168.9,0.882,0,122.5,69.0,1.798,1.271,0.209,4,NONE
I,FLICK,1296.7,1.696,27,-260.6,1296.7,2.753,1.534,0.414,8,FLICK
I,FLICK,945.4,2.610,27,945.4,60.2,2.105,1.520,0.226,10,FLICK
I,FLICK,450.6,1.606,17,34.8,245.7,2.646,1.523,0.370,15,PINCH
I,FLICK,1283.4,1.592,21,1283.4,360.9,2.703,1.576,0.433,12,FLICK
I,FLICK,1084.8,1.521,23,1084.8,318.8,2.489,1.570,0.360,6,FLICK
I,FLICK,1246.0,1.717,23,-505.7,220.2,2.151,1.569,0.253,10,FLICK
I,FLICK,1365.6,1.610,32,130.1,1365.6,2.620,1.558,0.347,11,FLICK
I,FLICK,1291.0,3.059,27,-91.8,330.2,2.492,1.619,0.339,12,FLICK
I,FLICK,867.9,1.546,26,428.1,-133.3,2.050,1.412,0.300,11,FLICK
I,FLICK,978.4,1.306,19,978.4,-279.6,3.157,1.652,0.520,9,FLICK
I,FLICK,1227.5,2.361,21,-228.3,1227.5,2.065,1.360,0.322,7,FLICK
I,FLICK,1234.2,13.553,21,49.7,-41.4,2.363,1.576,0.273,7,FLICK
I,FLICK,1335.5,3.805,30,206.3,144.7,2.613,1.640,0.338,10,FLICK
I,FLICK,1223.5,1.863,27,-287.5,1223.5,1.990,1.357,0.258,4,FLICK
I,FLICK,1130.6,2.869,24,1130.6,141.2,2.304,1.420,0.341,12,FLICK
I,FLICK,961.9,1.383,19,-255.5,-439.9,2.645,1.634,0.308,5,FLICK
I,FLICK,1161.2,1.590,27,-569.3,1161.2,2.265,1.376,0.324,11,FLICK
I,FLICK,884.4,2.591,19,25.0,884.4,1.918,1.366,0.154,13,FLICK
I,FLICK,921.7,1.920,17,-296.1,921.7,2.220,1.447,0.282,17,FLICK
I,FLICK,887.6,1.624,23,-329.2,887.6,2.411,1.597,0.363,8,FLICK
I,FLICK,1133.4,1.479,26,-418.4,348.0,2.311,1.424,0.331,7,FLICK
I,FLICK,959.8,3.347,17,959.8,52.9,2.057,1.375,0.254,15,FLICK
J,TWIST,686.5,0.980,33,-412.8,686.5,1.993,1.313,0.241,8,TWIST
J,TWIST,1116.4,2.638,29,1116.4,-403.0,2.691,1.579,0.424,11,FLICK
J,TWIST,992.5,3.216,15,150.2,-158.3,2.339,1.393,0.406,11,FLICK
J,TWIST,313.5,0.991,13,-212.6,313.5,2.654,1.569,0.416,8,PINCH
J,TWIST,829.1,1.117,45,829.1,-479.6,2.017,1.348,0.251,10,TWIST
J,TWIST,644.3,0.828,27,-391.0,644.3,2.129,1.392,0.293,15,TWIST
J,TWIST,665.3,1.087,51,665.3,-274.8,2.135,1.378,0.276,8,TWIST
J,TWIST,771.8,1.030,34,-548.6,771.8,2.006,1.335,0.235,12,TWIST
J,TWIST,644.2,1.987,33,-177.0,644.2,1.745,1.251,0.143,10,TWIST
J,TWIST,620.2,1.716,45,620.2,120.8,2.228,1.334,0.215,15,TWIST
J,TWIST,739.6,1.017,54,739.6,-385.2,2.167,1.299,0.279,11,TWIST
J,TWIST,113.0,0.773,0,91.3,113.0,2.251,1.275,0.294,11,NONE
J,TWIST,858.0,1.115,36,858.0,-341.7,1.984,1.253,0.367,13,TWIST
J,TWIST,697.0,1.671,31,-201.3,697.0,2.116,1.256,0.162,5,TWIST
J,TWIST,642.9,1.023,37,642.9,-340.1,2.263,1.407,0.350,11,TWIST
J,TWIST,824.5,1.321,21,-444.7,-179.6,2.375,1.447,0.416,10,FLICK
J,PINCH,510.4,1.354,13,510.4,18.6,2.446,1.483,0.352,11,PINCH
J,PINCH,303.5,1.420,17,-201.6,303.5,2.366,1.501,0.308,14,PINCH
J,PINCH,512.8,0.982,17,512.8,-334.6,2.495,1.651,0.317,8,PINCH
J,PINCH,392.5,0.850,18,-288.8,392.5,2.598,1.621,0.371,8,PINCH
J,PINCH,552.6,3.876,10,132.2,552.6,2.144,1.367,0.346,10,PINCH
J,PINCH,349.0,0.777,9,349.0,241.7,2.051,1.398,0.293,18,PINCH
J,PINCH,549.0,1.740,16,-23.4,292.1,2.340,1.363,0.344,14,PINCH
J,PINCH,345.2,0.641,13,268.3,270.2,2.403,1.601,0.407,9,PINCH
J,PINCH,543.9,1.065,18,363.6,147.3,2.352,1.476,0.350,13,PINCH
J,PINCH,379.3,0.951,11,-174.7,-224.1,2.442,1.556,0.301,12,PINCH
J,PINCH,370.1,0.968,11,370.1,119.6,2.355,1.382,0.361,5,PINCH
J,PINCH,413.9,1.053,9,-149.8,413.9,2.249,1.580,0.312,11,PINCH
J,PINCH,454.6,1.447,15,454.6,-281.8,2.585,1.516,0.385,12,PINCH
J,PINCH,348.3,0.980,13,348.3,221.5,2.391,1.272,0.269,11,PINCH
J,PINCH,955.1,1.322,21,955.1,422.0,2.166,1.559,0.320,9,FLICK
J,PINCH,186.6,0.845,0,136.7,-84.2,2.183,1.248,0.265,5,NONE
J,PINCH,373.1,1.970,14,46.6,142.8,2.432,1.526,0.286,11,PINCH
J,PINCH,88.1,2.024,0,-27.1,-16.5,2.359,1.330,0.338,6,NONE
J,PINCH,577.8,1.501,18,-82.9,302.0,2.770,1.389,0.422,11,PINCH
J,GARBAGE,76.7,0.714,0,59.3,76.7,2.374,1.321,0.385,3,NONE
J,GARBAGE,267.6,3.105,9,22.2,-63.9,1.860,1.045,0.260,2,NONE
J,GARBAGE,358.7,1.288,21,97.3,358.7,2.255,1.321,0.324,11,NONE
J,GARBAGE,137.5,1.094,0,137.5,-88.8,2.362,1.278,0.326,3,NONE
J,GARBAGE,126.4,1.023,0,-56.4,126.4,2.212,1.321,0.310,6,NONE
J,GARBAGE,120.7,0.688,0,80.6,120.7,2.666,1.272,0.351,5,NONE
J,GARBAGE,337.2,2.315,19,-93.4,337.2,2.230,1.326,0.367,6,NONE
J,GARBAGE,78.5,0.814,0,78.5,40.3,2.517,1.265,0.425,5,NONE
J,GARBAGE,146.1,0.831,0,-108.4,67.4,1.746,1.025,0.174,2,NONE
J,GARBAGE,134.9,2.159,0,-32.6,134.9,2.747,1.511,0.437,8,NONE
J,GARBAGE,178.8,1.849,0,-39.5,178.8,1.817,1.023,0.223,3,NONE
J,GARBAGE,385.8,1.798,20,385.8,-40.6,2.968,1.298,0.469,3,NONE
J,GARBAGE,92.2,1.104,0,-62.5,92.2,2.277,1.289,0.361,7,NONE
J,GARBAGE,260.1,2.366,6,260.1,-75.3,1.902,1.006,0.265,4,NONE
J,GARBAGE,355.2,2.309,7,-12.6,-141.2,2.580,1.480,0.336,13,PINCH
J,GARBAGE,179.7,0.861,0,179.7,-104.7,2.198,1.335,0.283,3,NONE
J,GARBAGE,114.3,0.822,0,114.3,89.1,1.912,1.248,0.226,6,NONE
J,GARBAGE,425.1,1.619,17,425.1,169.0,2.327,1.392,0.322,13,PINCH
J,GARBAGE,355.2,0.926,20,-244.3,355.2,2.131,1.295,0.331,7,NONE
J,GARBAGE,112.8,0.809,0,-77.0,112.8,1.885,1.270,0.235,5,NONE
J,GARBAGE,85.8,1.682,0,85.8,12.2,2.775,1.400,0.399,10,NONE
J,GARBAGE,70.1,0.970,0,35.2,37.1,2.101,1.279,0.210,10,NONE
J,GARBAGE,160.2,0.987,0,-73.5,160.2,2.086,1.311,0.328,5,NONE
J,GARBAGE,282.3,0.780,9,161.2,282.3,1.843,1.056,0.203,2,NONE
J,GARBAGE,357.0,1.017,21,357.0,224.7,1.681,0.998,0.199,2,NONE
J,GARBAGE,76.4,1.845,0,15.4,26.0,2.194,1.257,0.322,7,NONE
J,GARBAGE,158.1,0.834,0,158.1,108.1,2.361,1.347,0.356,3,NONE
J,FLICK,789.7,1.655,17,789.7,-441.4,2.360,1.511,0.371,13,FLICK
J,FLICK,853.5,2.071,25,853.5,-166.8,2.263,1.554,0.241,10,FLICK
J,FLICK,907.9,1.469,29,907.9,-494.6,2.509,1.571,0.343,12,FLICK
J,FLICK,1000.3,1.434,23,482.6,1000.3,1.961,1.467,0.185,13,FLICK
J,FLICK,957.8,1.507,15,-216.3,957.8,2.188,1.519,0.343,9,FLICK
J,FLICK,828.6,4.422,24,828.6,85.2,3.047,1.546,0.379,12,FLICK
J,FLICK,777.0,6.559,15,-15.7,-102.8,2.113,1.348,0.297,4,FLICK
J,FLICK,1141.0,1.318,25,-488.8,1141.0,1.803,1.360,0.219,13,FLICK
J,FLICK,1055.2,1.981,20,475.8,1055.2,2.393,1.512,0.391,11,FLICK
J,FLICK,976.5,2.415,25,-333.4,976.5,3.081,1.394,0.387,16,FLICK
J,FLICK,944.7,1.417,25,944.7,-153.5,2.473,1.446,0.356,11,FLICK
J,FLICK,937.7,1.330,17,937.7,-537.1,2.320,1.480,0.419,14,FLICK
J,FLICK,1294.4,3.474,17,323.5,1294.4,2.512,1.582,0.387,13,FLICK
J,FLICK,785.1,5.437,17,-50.0,94.5,2.586,1.474,0.376,8,FLICK
J,FLICK,772.1,2.700,15,-274.2,-11.7,2.638,1.429,0.276,15,FLICK
J,FLICK,1226.0,1.566,25,1226.0,-616.5,1.753,1.272,0.177,11,FLICK
J,FLICK,1053.3,4.755,17,-31.0,190.5,2.641,1.543,0.354,7,FLICK
J,FLICK,1360.2,2.033,23,231.7,1360.2,1.843,1.263,0.244,9,FLICK
J,FLICK,994.3,2.441,24,120.9,994.3,2.618,1.588,0.348,11,FLICK
J,FLICK,788.0,2.686,15,74.3,-219.0,1.948,1.295,0.276,12,FLICK
J,FLICK,944.5,2.008,19,944.5,214.5,2.315,1.488,0.298,11,FLICK
J,FLICK,1308.6,3.967,13,123.3,206.6,2.252,1.439,0.305,10,FLICK
